-- --------------------------------------------------------
-- Host:                         partner.bfisyariah.id
-- Server version:               10.2.30-MariaDB - MariaDB Server
-- Server OS:                    Linux
-- HeidiSQL Version:             10.3.0.5771
-- --------------------------------------------------------

/*!40101 SET @OLD_CHARACTER_SET_CLIENT=@@CHARACTER_SET_CLIENT */;
/*!40101 SET NAMES utf8 */;
/*!50503 SET NAMES utf8mb4 */;
/*!40014 SET @OLD_FOREIGN_KEY_CHECKS=@@FOREIGN_KEY_CHECKS, FOREIGN_KEY_CHECKS=0 */;
/*!40101 SET @OLD_SQL_MODE=@@SQL_MODE, SQL_MODE='NO_AUTO_VALUE_ON_ZERO' */;


-- Dumping database structure for u5487321_partner
CREATE DATABASE IF NOT EXISTS `u5487321_partner` /*!40100 DEFAULT CHARACTER SET latin1 */;
USE `u5487321_partner`;

-- Dumping structure for table u5487321_partner.agents
CREATE TABLE IF NOT EXISTS `agents` (
  `id_agent` int(11) NOT NULL AUTO_INCREMENT,
  `nama_lengkap` varchar(255) DEFAULT NULL,
  `jenis_kelamin` varchar(255) DEFAULT 'NULL' COMMENT 'Laki-Laki / Perempuan',
  `telepon` varchar(255) DEFAULT NULL,
  `email` varchar(255) DEFAULT NULL,
  `tanggal_lahir` varchar(255) DEFAULT 'NULL',
  `no_ktp` varchar(255) DEFAULT 'NULL',
  `no_npwp` varchar(255) DEFAULT 'NULL',
  `pekerjaan` varchar(255) DEFAULT NULL,
  `jenis_pekerjaan` varchar(255) DEFAULT NULL,
  `jenis_agent` varchar(255) DEFAULT NULL,
  `status_kepemilikan_rumah` varchar(255) DEFAULT 'NULL' COMMENT 'Status kepemilikan rumah: Milik Sendiri / Kontrak / Sewa / Keluarga',
  `income` bigint(20) DEFAULT 0 COMMENT 'Income saat ini',
  `punya_pinjaman` enum('Ya','Tidak') DEFAULT NULL,
  `afiliasi_travel` varchar(255) DEFAULT 'NULL' COMMENT 'Apakah afiliasi dengan travel / agent lainya?',
  `agent_konvensional` enum('Ya','Tidak') DEFAULT NULL COMMENT 'Apakah Agent BFI Konvensional? Ya / Tidak',
  `hubungan_karyawan_bfi` enum('Ada','Tidak Ada') DEFAULT NULL COMMENT 'Hubungan Dengan Kar. BFI?',
  `konsumen_bfi` enum('Pernah','Tidak Pernah') DEFAULT NULL COMMENT 'Pernah Menjadi Konsumen BFI ? Pernah / Tidak Pernah',
  `rekening_bank` varchar(255) DEFAULT 'NULL',
  `nama_bank` varchar(255) DEFAULT NULL,
  `cabang_bank` varchar(255) DEFAULT NULL,
  `atas_nama` varchar(255) DEFAULT NULL,
  `ktp` varchar(255) NOT NULL COMMENT 'Form Upload File',
  `npwp` varchar(255) NOT NULL COMMENT 'Form Upload File',
  `buku_tabungan` varchar(255) NOT NULL COMMENT 'Form Upload File',
  `foto_selfie` varchar(255) NOT NULL COMMENT 'Form Upload File',
  `form_f100` varchar(255) DEFAULT NULL COMMENT 'Lampiran Form F100',
  `status` enum('draft','lengkap') DEFAULT NULL,
  `created_at` timestamp NULL DEFAULT NULL,
  `updated_at` timestamp NULL DEFAULT NULL,
  `id_user` int(3) NOT NULL,
  `id_branch` int(3) NOT NULL,
  PRIMARY KEY (`id_agent`),
  UNIQUE KEY `rekening_bank` (`rekening_bank`),
  UNIQUE KEY `ktp` (`no_ktp`),
  UNIQUE KEY `npwp` (`no_npwp`),
  KEY `id_user` (`id_user`),
  KEY `id_branch` (`id_branch`)
) ENGINE=InnoDB AUTO_INCREMENT=46 DEFAULT CHARSET=latin1 COMMENT='Tabel Agent';

-- Dumping data for table u5487321_partner.agents: ~11 rows (approximately)
/*!40000 ALTER TABLE `agents` DISABLE KEYS */;
INSERT INTO `agents` (`id_agent`, `nama_lengkap`, `jenis_kelamin`, `telepon`, `email`, `tanggal_lahir`, `no_ktp`, `no_npwp`, `pekerjaan`, `jenis_pekerjaan`, `jenis_agent`, `status_kepemilikan_rumah`, `income`, `punya_pinjaman`, `afiliasi_travel`, `agent_konvensional`, `hubungan_karyawan_bfi`, `konsumen_bfi`, `rekening_bank`, `nama_bank`, `cabang_bank`, `atas_nama`, `ktp`, `npwp`, `buku_tabungan`, `foto_selfie`, `form_f100`, `status`, `created_at`, `updated_at`, `id_user`, `id_branch`) VALUES
	(32, 'Hasnah', 'NULL', '081241965933', 'hasnahsaja66@gmail.com', '1970/9/22', '7371094202700009', '642846976805000', 'Freelance', 'Marketing Travel', 'Syariah Agent', 'Milik Sendiri', 3000000, 'Tidak', 'Ya', 'Ya', 'Tidak Ada', 'Tidak Pernah', '0458795256', 'Bank BNI', 'Mattoangin', 'Hasnah', 'WhatsApp_Image_2019-10-12_at_10.16.30.jpeg', 'WhatsApp_Image_2019-10-12_at_10.16.30(2).jpeg', 'WhatsApp_Image_2019-10-12_at_10.16.30(1).jpeg', 'WhatsApp_Image_2019-10-12_at_10.16.301.jpeg', 'PKS_BA_HASNAH.pdf', 'lengkap', '2020-02-03 12:35:53', '2020-02-03 12:35:53', 165, 22),
	(33, 'Rosmawati', 'NULL', '082152219909', 'rormawatiocha@gmail.com', '1991/10/27', '5310116710910004', '123456789012345', 'Swasta', 'Marketing Travel', 'Syariah Agent', 'Milik Sendiri', 3000000, 'Tidak', 'Tidak', 'Ya', 'Tidak Ada', 'Tidak Pernah', '2710912711', 'BNI Syariah', 'Pare Pare', 'Rosmawati', 'IMG-20191204-WA0023.jpg', 'IMG-20191204-WA00231.jpg', 'IMG-20191204-WA0027.jpg', 'IMG-20191204-WA00232.jpg', 'Rosma.pdf', 'lengkap', '2020-02-03 12:59:50', '2020-02-03 12:59:50', 165, 22),
	(34, 'Fadly Edy Thahir', 'NULL', '085318307775', 'ghani.agro@yahoo.co.id', '1976/08/10', '7311031008760002', '000000000000000', 'Swasta', 'Owner', 'Syariah Agent', 'Milik Sendiri', 4000000, 'Tidak', 'Tidak', 'Ya', 'Tidak Ada', 'Tidak Pernah', '8460218021', 'BCA', 'Pare Pare', 'Fadly Edy Thahir', 'KTP.jpeg', 'KTP1.jpeg', 'BCA_Rekening.jpeg', 'KTP2.jpeg', 'PKS_Agent.pdf', 'lengkap', '2020-02-03 13:05:20', '2020-02-03 13:05:20', 165, 22),
	(35, 'Darmanto', 'NULL', '089504513067', 'darmantorendeng@gmail.com', '1983-04-15', '3319011504830001', '123456789101112', 'Swasta', 'Karyawan swasta', 'Syariah Agent', 'Milik Sendiri', 3500000, 'Tidak', 'Tidak', 'Tidak', 'Tidak Ada', 'Tidak Pernah', '1350007290222', 'Mandiri', 'Kudus', 'Darmanto', 'KTP3.jpeg', 'NPWP.jpeg', 'BuTab_Cover.jpeg', 'KTP4.jpeg', 'F-100_Darmanto.pdf', 'lengkap', '2020-02-04 09:14:11', '2020-02-04 09:14:11', 67, 20),
	(36, 'AGUS TRIYATMOJO', 'NULL', '089605204945', 'agusatmodjo662@gmail.com', '1993-03-08', '3313163008930002', '908266810066000', 'Swasta', 'marketing', 'Syariah Agent', 'Milik Keluarga', NULL, NULL, NULL, NULL, NULL, NULL, '7114648258', 'bank syariah mandiri', NULL, 'agus tiyatmojo', '', '', '', '', NULL, 'draft', '2020-02-04 18:02:54', '2020-02-04 18:02:54', 63, 26),
	(37, 'Sukiyanto pangestu', 'NULL', '085213110051', 'pangestusukiyanto@yahoo.com', '1979-03-07', '1671070703790006', '804006211307000', 'Wiraswasta', 'Kepala cabang', 'Syariah Agent', 'Milik Sendiri', 20000000, 'Ya', 'Ya', 'Ya', 'Tidak Ada', 'Tidak Pernah', '8490158902', 'BCA', 'BCA Palembang', 'Sukiyanto Pangestu', '', '', '', '', NULL, 'draft', '2020-02-06 09:06:25', '2020-02-06 09:07:40', 137, 30),
	(38, 'Nurmala Dewi', 'NULL', '082185677008', 'nurmalad94@gmail.com', '1969-06-15', '1607105506690006', '084624238314000', 'Wiraswasta', 'Developer', 'Syariah Agent', 'Milik Sendiri', 30000000, 'Ya', 'Tidak', 'Tidak', 'Tidak Ada', 'Tidak Pernah', '0104501500010089', 'BTN', 'Bandara Mas', 'Nurmala Dewi', '', '', '', '', NULL, 'draft', '2020-02-06 09:19:59', '2020-02-06 09:19:59', 135, 30),
	(39, 'DITA MALASARI', 'NULL', '089513371842', 'ditamalasarimadina@gmail.com', '1996-07-09', '1671064907960006', '913598991301000', 'Swasta', 'ADMIN', 'Syariah Agent', 'Milik Keluarga', 3500000, 'Tidak', 'Ya', 'Tidak', 'Tidak Ada', 'Tidak Pernah', '1044557696', 'BRI SYARIAH', 'KCP PALEMBANG KENTEN', 'DITA MALASARI', 'KTP.JPG', 'NPWP.jpg', 'REK_TAB.jpg', '', 'F100.pdf', 'draft', '2020-02-06 10:16:12', '2020-02-06 10:34:50', 137, 30),
	(40, 'Titin Sumarni', 'NULL', '082176798777', 'anugrah_winata2@yahoo.com', '1965-05-15', '1671065505650016', '074425794314000', 'Wiraswasta', 'Pemborong', 'Syariah Agent', 'Milik Sendiri', 20000000, 'Tidak', 'Ya', 'Tidak', 'Tidak Ada', 'Tidak Pernah', '1120010310881', 'Bank Mandiri', 'KCP PMG KPPN', 'Titin Sumarni', '', '', '', '', NULL, 'draft', '2020-02-06 10:33:31', '2020-02-06 10:33:31', 135, 30),
	(41, 'AGUS HARIADI', 'NULL', '082389302224', 'aguspetoalam280@gmail.com', '1980-08-28', '1271102808800005', '166628529202000', 'Freelance', 'marketing', 'Syariah Agent', 'Milik Sendiri', 5000000, 'Tidak', 'Tidak', 'Ya', 'Tidak Ada', 'Tidak Pernah', '8050335624', 'BCA', 'BUKITTINGGI', 'AGUS HARIADI', 'KTP.jpg', 'npwp.jpg', 'REK_TABUNGAN.jpg', '73457328_731638234321585_2610176535109593572_n.jpg', 'PKS_Agent1.pdf', 'lengkap', '2020-02-06 13:17:06', '2020-02-06 13:17:06', 32, 8),
	(42, 'Erlinawati, SE', 'NULL', '123456789012346', 'syariaherlinawati@gmail.com', '1985-11-28', '6304056811850003', NULL, 'Freelance', 'ibu rumah tangga', 'Syariah Agent', 'Milik Sendiri', 2000000, 'Tidak', 'Tidak', 'Tidak', 'Tidak Ada', 'Tidak Pernah', '0298221699', 'BNI', 'Palangkaraya', 'Erlinawati', 'KTP_AGENT.jpeg', 'KTP_AGENT1.jpeg', 'BUTAB.jpeg', 'KTP_AGENT2.jpeg', 'f100_erlinawati.pdf', 'lengkap', '2020-02-12 08:47:45', '2020-02-12 08:48:18', 186, 3),
	(43, 'Suwandi', 'NULL', '08155100494', 'bfissuwandi@gmail.com', '1974-10-11', '3525141110740001', '498026293642000', 'Wiraswasta', 'Dosen', 'Syariah Agent', 'Milik Sendiri', 10000000, 'Tidak', 'Ya', 'Tidak', 'Tidak Ada', 'Tidak Pernah', '0092932322', 'BNI', 'Gresik', 'Suwandi', 'ktp.jpg', 'IMG_20200212_145839.jpg', 'IMG_20200212_145859.jpg', 'IMG20200210112347.jpg', 'Dok_baru_2020-02-12_12.29.58_4.jpg', 'lengkap', '2020-02-12 15:00:03', '2020-02-12 15:00:03', 127, 13),
	(44, 'TYAS KUSUMANINGRUM', 'NULL', '082250543489', 'tyaskusumaningrum45@gmail.com', '1977-12-18', '3573015812770001', '123456789012349', 'Swasta', 'SWASTA', 'Syariah Agent', 'Milik Sendiri', 15000000, 'Tidak', 'Tidak', 'Tidak', 'Tidak Ada', 'Pernah', '000301012101531', 'BRI', 'BANJARMASIN', 'TYAS KUSUMANINGRUM', 'KTP5.jpeg', 'KTP6.jpeg', 'Butab.jpeg', 'KTP7.jpeg', 'F100_Tyas.pdf', 'lengkap', '2020-02-13 16:00:16', '2020-02-13 16:00:16', 35, 3),
	(45, 'Akhmad saryono', 'NULL', '085218169089', 'akhmadsaryono0@gmail.com', '1970-02-15', '3215131502700005', '357769744433000', 'Swasta', 'Jualan kacamat', 'Syariah Agent', 'Milik Sendiri', 1000000, 'Tidak', 'Tidak', 'Tidak', 'Tidak Ada', 'Tidak Pernah', '3780124848', 'BCA', 'Cikampek', 'Akhmad saryono', 'IMG-20200122-WA0031.jpg', 'IMG-20200122-WA0029.jpg', 'IMG-20200122-WA0032.jpg', 'IMG_20191130_102036.jpg', 'F-100_akhmad_saryono.pdf', 'lengkap', '2020-02-14 10:20:50', '2020-02-14 10:20:50', 203, 17);
/*!40000 ALTER TABLE `agents` ENABLE KEYS */;

-- Dumping structure for table u5487321_partner.agent_activities
CREATE TABLE IF NOT EXISTS `agent_activities` (
  `id_agent_activity` int(11) NOT NULL AUTO_INCREMENT,
  `activity` text NOT NULL,
  `date_activity` datetime NOT NULL,
  `id_agent` int(11) NOT NULL,
  `id_user` int(11) NOT NULL,
  PRIMARY KEY (`id_agent_activity`),
  KEY `id_agent` (`id_agent`),
  KEY `id_user` (`id_user`),
  CONSTRAINT `agent_activities_ibfk_1` FOREIGN KEY (`id_agent`) REFERENCES `agents` (`id_agent`),
  CONSTRAINT `agent_activities_ibfk_2` FOREIGN KEY (`id_user`) REFERENCES `users` (`id_user`)
) ENGINE=InnoDB AUTO_INCREMENT=85 DEFAULT CHARSET=latin1 COMMENT='Tabel Agent Activities';

-- Dumping data for table u5487321_partner.agent_activities: ~11 rows (approximately)
/*!40000 ALTER TABLE `agent_activities` DISABLE KEYS */;
INSERT INTO `agent_activities` (`id_agent_activity`, `activity`, `date_activity`, `id_agent`, `id_user`) VALUES
	(68, 'Data Agent telah dibuat', '2020-02-03 12:35:53', 32, 165),
	(69, 'Data Agent telah dibuat', '2020-02-03 12:59:50', 33, 165),
	(70, 'Data Agent telah dibuat', '2020-02-03 13:05:20', 34, 165),
	(71, 'Data Agent telah dibuat', '2020-02-04 09:14:12', 35, 67),
	(72, 'Data Agent telah dibuat', '2020-02-04 18:02:54', 36, 63),
	(73, 'Data Agent telah dibuat', '2020-02-06 09:06:25', 37, 137),
	(74, 'Perubahan pada data Agent', '2020-02-06 09:07:40', 37, 137),
	(75, 'Data Agent telah dibuat', '2020-02-06 09:19:59', 38, 135),
	(76, 'Data Agent telah dibuat', '2020-02-06 10:16:12', 39, 137),
	(77, 'Data Agent telah dibuat', '2020-02-06 10:33:31', 40, 135),
	(78, 'Perubahan pada data Agent', '2020-02-06 10:34:50', 39, 137),
	(79, 'Data Agent telah dibuat', '2020-02-06 13:17:07', 41, 32),
	(80, 'Data Agent telah dibuat', '2020-02-12 08:47:45', 42, 186),
	(81, 'Perubahan pada data Agent', '2020-02-12 08:48:18', 42, 186),
	(82, 'Data Agent telah dibuat', '2020-02-12 15:00:07', 43, 127),
	(83, 'Data Agent telah dibuat', '2020-02-13 16:00:16', 44, 35),
	(84, 'Data Agent telah dibuat', '2020-02-14 10:20:54', 45, 203);
/*!40000 ALTER TABLE `agent_activities` ENABLE KEYS */;

-- Dumping structure for table u5487321_partner.approval_bonuses
CREATE TABLE IF NOT EXISTS `approval_bonuses` (
  `id_approval_bonus` int(11) NOT NULL AUTO_INCREMENT,
  `leads_id` varchar(16) NOT NULL DEFAULT '',
  `requester` int(11) DEFAULT NULL COMMENT 'foreign key table user',
  `cabang` int(11) DEFAULT NULL COMMENT 'foreign key table branches',
  `nama_konsumen` varchar(255) DEFAULT NULL,
  `tanggal_dibuat` datetime DEFAULT NULL,
  `produk` varchar(255) DEFAULT NULL,
  `sumber_lead` varchar(255) DEFAULT NULL,
  `nama_pemberi_lead` varchar(255) DEFAULT NULL,
  `nomor_kontrak` varchar(10) DEFAULT NULL,
  `nomor_rekening` varchar(255) DEFAULT NULL,
  `atas_nama` varchar(255) DEFAULT NULL,
  `nama_bank` varchar(255) DEFAULT NULL,
  `npwp` varchar(255) DEFAULT NULL,
  `upload_file` varchar(255) DEFAULT NULL,
  `created_at` datetime DEFAULT NULL,
  `updated_at` datetime DEFAULT NULL,
  `id_user` int(11) DEFAULT NULL,
  `id_branch` int(11) DEFAULT NULL,
  PRIMARY KEY (`id_approval_bonus`),
  UNIQUE KEY `leads_id` (`leads_id`)
) ENGINE=InnoDB AUTO_INCREMENT=7 DEFAULT CHARSET=latin1 ROW_FORMAT=DYNAMIC;

-- Dumping data for table u5487321_partner.approval_bonuses: ~2 rows (approximately)
/*!40000 ALTER TABLE `approval_bonuses` DISABLE KEYS */;
INSERT INTO `approval_bonuses` (`id_approval_bonus`, `leads_id`, `requester`, `cabang`, `nama_konsumen`, `tanggal_dibuat`, `produk`, `sumber_lead`, `nama_pemberi_lead`, `nomor_kontrak`, `nomor_rekening`, `atas_nama`, `nama_bank`, `npwp`, `upload_file`, `created_at`, `updated_at`, `id_user`, `id_branch`) VALUES
	(4, '202001SLOS19920', 164, 7, 'Romli Saputra', '2020-01-16 15:12:02', 'My Talim', 'Walk In', NULL, '0000000000', '0000000000000000', 'Romli', 'BCA', '000000000000000', NULL, '2020-01-29 09:44:31', '2020-01-29 10:47:31', 164, 7),
	(5, '202001SLOS19921', 11, 7, 'Eko Supriatman', '2020-01-16 15:03:45', 'My CarS', 'RO', NULL, '8923498247', '9071409127410491', 'Romli Saputra', 'BRI', '129381729387129', NULL, '2020-01-29 11:40:57', '2020-01-29 11:40:57', 164, 7),
	(6, '201910SLOS001906', 0, 0, '', '0000-00-00 00:00:00', '', '', NULL, '7481910043', '1330014054308', 'FISKA MENTALIS', 'MANDIRI', '320108680195000', NULL, '2020-02-13 09:33:52', '2020-02-13 09:33:52', 50, 6);
/*!40000 ALTER TABLE `approval_bonuses` ENABLE KEYS */;

-- Dumping structure for table u5487321_partner.branches
CREATE TABLE IF NOT EXISTS `branches` (
  `id_branch` int(3) NOT NULL AUTO_INCREMENT,
  `nama_cabang` varchar(40) DEFAULT NULL,
  `has_superior` enum('0','1','2') DEFAULT '0' COMMENT '0 = tidak punya head & manager, 1 = punya head & tidak punya manager, 2  = punya head & manager',
  PRIMARY KEY (`id_branch`)
) ENGINE=InnoDB AUTO_INCREMENT=47 DEFAULT CHARSET=latin1 ROW_FORMAT=DYNAMIC COMMENT='Tabel Cabang';

-- Dumping data for table u5487321_partner.branches: ~46 rows (approximately)
/*!40000 ALTER TABLE `branches` DISABLE KEYS */;
INSERT INTO `branches` (`id_branch`, `nama_cabang`, `has_superior`) VALUES
	(1, 'Balikpapan Syariah', '2'),
	(2, 'Bandung Syariah', '0'),
	(3, 'Banjarmasin Syariah', '0'),
	(4, 'Batam Syariah', '0'),
	(5, 'Bekasi Syariah', '0'),
	(6, 'Bogor Syariah', '0'),
	(7, 'BSD Syariah', '0'),
	(8, 'BukitTinggi Syariah', '0'),
	(9, 'Cawang Syariah', '0'),
	(10, 'Cirebon Syariah', '0'),
	(11, 'Depok Syariah', '0'),
	(12, 'Gorontalo Syariah', '0'),
	(13, 'Gresik Syariah', '0'),
	(14, 'Jakarta Selatan Syariah', '0'),
	(15, 'Jakarta Utara Syariah', '0'),
	(16, 'Jambi Syariah', '0'),
	(17, 'Karawang Syariah', '0'),
	(18, 'Kediri Syariah', '0'),
	(19, 'Kendari Syariah', '1'),
	(20, 'Kudus Syariah', '0'),
	(21, 'Lampung Syariah', '0'),
	(22, 'Makassar Syariah', '0'),
	(23, 'Malang Syariah', '0'),
	(24, 'Mataram Syariah', '0'),
	(25, 'Medan Syariah', '0'),
	(26, 'Meruya Syariah', '0'),
	(27, 'Mojokerto Syariah', '0'),
	(28, 'Padang Syariah', '0'),
	(29, 'Palangkaraya Syariah', '0'),
	(30, 'Palembang Syariah', '0'),
	(31, 'Pekanbaru Syariah', '0'),
	(32, 'Pontianak Syariah', '0'),
	(33, 'Purwokerto Syariah', '0'),
	(34, 'Samarinda Syariah', '1'),
	(35, 'Semarang Syariah', '0'),
	(36, 'Sidoarjo Syariah', '0'),
	(37, 'Solo Syariah', '0'),
	(38, 'Sorong Syariah', '0'),
	(39, 'Sukabumi Syariah', '0'),
	(40, 'Sunter Syariah', '0'),
	(41, 'Surabaya Syariah', '0'),
	(42, 'Tangerang Syariah', '0'),
	(43, 'Tasikmalaya Syariah', '0'),
	(44, 'Ternate Syariah', '0'),
	(45, 'Yogyakarta Syariah', '0'),
	(46, 'Head Office', '0');
/*!40000 ALTER TABLE `branches` ENABLE KEYS */;

-- Dumping structure for table u5487321_partner.comments
CREATE TABLE IF NOT EXISTS `comments` (
  `id_comment` int(11) NOT NULL AUTO_INCREMENT,
  `comment` text NOT NULL,
  `date` timestamp NOT NULL DEFAULT current_timestamp(),
  `has_read` int(3) DEFAULT 0,
  `id_user` int(6) DEFAULT NULL,
  `id_agent` int(11) DEFAULT NULL,
  `id_partner` int(11) DEFAULT NULL,
  `id_leads` int(11) DEFAULT NULL,
  `id_ticket` int(11) DEFAULT NULL,
  PRIMARY KEY (`id_comment`),
  KEY `id_user` (`id_user`),
  KEY `id_partner` (`id_agent`),
  CONSTRAINT `comments_ibfk_1` FOREIGN KEY (`id_user`) REFERENCES `users` (`id_user`)
) ENGINE=InnoDB AUTO_INCREMENT=1718 DEFAULT CHARSET=latin1 ROW_FORMAT=DYNAMIC COMMENT='Tabel Komentar';

-- Dumping data for table u5487321_partner.comments: ~0 rows (approximately)
/*!40000 ALTER TABLE `comments` DISABLE KEYS */;
/*!40000 ALTER TABLE `comments` ENABLE KEYS */;

-- Dumping structure for table u5487321_partner.leads
CREATE TABLE IF NOT EXISTS `leads` (
  `id_leads` int(11) NOT NULL AUTO_INCREMENT,
  `leads_id` varchar(255) DEFAULT NULL,
  `no_ktp` varchar(255) DEFAULT NULL,
  `follow_up_by` varchar(255) DEFAULT NULL COMMENT 'Kunjungan / Telepon / Whatsapp / Email',
  `cross_branch` varchar(255) DEFAULT 'Yes / No',
  `cabang_cross` int(3) DEFAULT NULL COMMENT 'Foreign key cabang dari table branches',
  `surveyor` int(11) DEFAULT NULL COMMENT 'Foreign key id_user dari table users',
  `pic_ttd` int(11) DEFAULT NULL COMMENT 'Foreign key id_user dari table users',
  `appeal_nst` varchar(255) DEFAULT NULL COMMENT 'ya/tidak',
  `nilai_funding` bigint(20) DEFAULT NULL,
  `sudah_funding` enum('Belum','Sudah') DEFAULT 'Belum',
  `status` enum('draft','lengkap') DEFAULT NULL,
  `ktp` varchar(255) DEFAULT NULL COMMENT 'Upload File',
  `selfie_foto` varchar(255) DEFAULT NULL COMMENT 'Upload File',
  `foto_penyedia_jasa` varchar(255) DEFAULT NULL COMMENT 'Upload File',
  `foto_usaha` varchar(255) DEFAULT NULL COMMENT 'Form Upload File',
  `created_at` datetime DEFAULT NULL,
  `updated_at` datetime DEFAULT NULL,
  `id_mapping_leads` int(11) DEFAULT NULL,
  PRIMARY KEY (`id_leads`),
  UNIQUE KEY `leads_id` (`leads_id`),
  UNIQUE KEY `no_ktp` (`no_ktp`),
  KEY `cabang_cross` (`cabang_cross`),
  KEY `surveyor` (`surveyor`),
  KEY `pic_ttd` (`pic_ttd`),
  CONSTRAINT `leads_ibfk_1` FOREIGN KEY (`cabang_cross`) REFERENCES `branches` (`id_branch`) ON DELETE NO ACTION ON UPDATE NO ACTION,
  CONSTRAINT `leads_ibfk_2` FOREIGN KEY (`surveyor`) REFERENCES `users` (`id_user`) ON DELETE NO ACTION ON UPDATE NO ACTION,
  CONSTRAINT `leads_ibfk_3` FOREIGN KEY (`pic_ttd`) REFERENCES `users` (`id_user`) ON DELETE NO ACTION ON UPDATE NO ACTION
) ENGINE=InnoDB AUTO_INCREMENT=86 DEFAULT CHARSET=latin1 COMMENT='Tabel Leads Prospek';

-- Dumping data for table u5487321_partner.leads: ~9 rows (approximately)
/*!40000 ALTER TABLE `leads` DISABLE KEYS */;
INSERT INTO `leads` (`id_leads`, `leads_id`, `no_ktp`, `follow_up_by`, `cross_branch`, `cabang_cross`, `surveyor`, `pic_ttd`, `appeal_nst`, `nilai_funding`, `sudah_funding`, `status`, `ktp`, `selfie_foto`, `foto_penyedia_jasa`, `foto_usaha`, `created_at`, `updated_at`, `id_mapping_leads`) VALUES
	(62, '202001SLOS19921', NULL, NULL, NULL, NULL, NULL, NULL, NULL, NULL, 'Belum', 'draft', NULL, NULL, NULL, NULL, '2020-01-16 16:07:07', '2020-01-16 16:07:07', 61),
	(63, '202001SLOS19920', '9083880209388200', NULL, NULL, NULL, NULL, NULL, NULL, NULL, 'Belum', 'draft', NULL, NULL, NULL, NULL, '2020-01-16 16:11:13', '2020-01-16 16:11:13', 65),
	(64, '202001SLOS19922', '9083880209388201', NULL, NULL, NULL, NULL, NULL, NULL, NULL, 'Belum', 'draft', NULL, NULL, NULL, NULL, '2020-01-16 16:15:22', '2020-01-16 16:15:22', 67),
	(65, '202001SLOS19999', '3603222007981243', 'Kunjungan', 'Ya', 2, NULL, NULL, 'Tidak', 42300000, 'Belum', 'lengkap', NULL, NULL, NULL, NULL, '2020-01-17 14:45:20', '2020-01-17 14:45:20', 69),
	(66, '202001slos01277', NULL, NULL, NULL, NULL, NULL, NULL, NULL, NULL, 'Belum', 'draft', NULL, NULL, NULL, NULL, '2020-01-27 09:08:24', '2020-01-27 09:08:44', 74),
	(67, NULL, NULL, NULL, NULL, NULL, NULL, NULL, NULL, NULL, 'Belum', 'draft', NULL, NULL, NULL, NULL, '2020-01-30 09:25:18', '2020-01-30 09:25:18', 85),
	(68, '202001SLOS12345', '3675656598665684', 'Whatsapp', 'Tidak', NULL, NULL, NULL, 'Ya', 25000000, 'Belum', 'lengkap', NULL, NULL, NULL, NULL, '2020-01-30 09:32:07', '2020-01-30 09:32:07', 86),
	(69, NULL, NULL, NULL, NULL, NULL, NULL, NULL, NULL, NULL, 'Belum', 'draft', NULL, NULL, NULL, NULL, '2020-02-02 00:27:02', '2020-02-02 00:27:02', 87),
	(70, NULL, NULL, NULL, NULL, NULL, NULL, NULL, NULL, NULL, 'Belum', 'draft', NULL, NULL, NULL, NULL, '2020-02-02 00:27:17', '2020-02-02 00:27:17', 88),
	(71, '202002SLOS000121', '3714051212670008', 'Kunjungan', 'Tidak', NULL, NULL, NULL, 'Tidak', 20000000, 'Belum', 'lengkap', NULL, NULL, NULL, NULL, '2020-02-03 10:59:45', '2020-02-05 11:17:24', 90),
	(72, '202001SLOS001520', '3216205505680001', 'Whatsapp', 'Ya', 5, NULL, NULL, 'Tidak', 20450000, 'Belum', 'lengkap', NULL, NULL, NULL, NULL, '2020-02-03 23:13:34', '2020-02-03 23:13:34', 102),
	(73, '202002SLOS000119', '7471066511930001', 'Kunjungan', 'Tidak', NULL, NULL, NULL, 'Tidak', 8999000, 'Belum', 'lengkap', NULL, NULL, NULL, NULL, '2020-02-04 15:03:22', '2020-02-04 15:03:22', 110),
	(74, '202002SLOS000095', '3402125807820004', 'Kunjungan', 'Tidak', NULL, NULL, NULL, 'Tidak', 18825161, 'Belum', 'lengkap', NULL, NULL, NULL, NULL, '2020-02-04 17:00:21', '2020-02-04 17:11:31', 112),
	(75, '202002SLOS000069', '6401050612830000', 'Telepon', 'Tidak', NULL, NULL, NULL, NULL, 27500000, 'Belum', 'lengkap', NULL, NULL, NULL, NULL, '2020-02-05 07:50:38', '2020-02-05 08:03:07', 127),
	(76, '202001SLOS001760', '1602056104620002', 'Kunjungan', NULL, NULL, NULL, NULL, 'Ya', 21750000, 'Sudah', 'draft', NULL, NULL, NULL, NULL, '2020-02-06 09:26:51', '2020-02-06 09:26:51', 148),
	(77, '202002SLOS00028', '1610152409790002', 'Kunjungan', 'Tidak', NULL, NULL, NULL, NULL, 23500000, 'Belum', 'lengkap', NULL, NULL, NULL, NULL, '2020-02-06 10:06:46', '2020-02-19 08:12:37', 145),
	(78, '202002SLOS000328', '1671014105980004', 'Kunjungan', 'Tidak', NULL, NULL, NULL, 'Tidak', 26900000, 'Belum', 'draft', NULL, NULL, NULL, NULL, '2020-02-07 10:32:20', '2020-02-07 10:40:57', 0),
	(79, '202002SLOS000540', '1602021103920005', 'Kunjungan', 'Tidak', NULL, NULL, NULL, 'Ya', 33000000, 'Belum', 'lengkap', NULL, NULL, NULL, NULL, '2020-02-10 17:33:14', '2020-02-10 18:20:25', 165),
	(80, ' 202002SLOS00061', '1671082012870005', 'Kunjungan', 'Tidak', NULL, NULL, NULL, 'Ya', 28750000, 'Belum', 'draft', NULL, NULL, NULL, NULL, '2020-02-11 11:58:02', '2020-02-11 11:58:02', 170),
	(81, '202002SLOS000622', '6472024412900009', 'Kunjungan', 'Tidak', NULL, NULL, NULL, 'Tidak', 19295400, 'Belum', 'lengkap', NULL, NULL, NULL, NULL, '2020-02-11 13:11:06', '2020-02-11 13:11:06', 171),
	(82, '202002SLOS000709', '1671135411840002', 'Kunjungan', 'Tidak', NULL, NULL, NULL, 'Ya', 14600000, 'Belum', 'draft', NULL, NULL, NULL, NULL, '2020-02-12 10:25:04', '2020-02-12 10:25:04', 180),
	(83, '202002SLOS000818', '6371014105010013', 'Kunjungan', 'Tidak', NULL, NULL, NULL, 'Tidak', 34600000, 'Belum', 'lengkap', NULL, NULL, NULL, NULL, '2020-02-13 15:54:45', '2020-02-13 16:08:30', 181),
	(84, '202002SLOS000831', '6371041903840006', 'Kunjungan', 'Tidak', NULL, NULL, NULL, 'Tidak', 15000000, 'Belum', 'lengkap', NULL, NULL, NULL, NULL, '2020-02-13 16:16:05', '2020-02-13 16:32:45', 182),
	(85, '202002SLOS001361', '6303024309870000', 'Telepon', 'Tidak', NULL, NULL, NULL, NULL, NULL, 'Belum', 'draft', NULL, NULL, NULL, NULL, '2020-02-20 16:17:28', '2020-02-20 16:17:28', 205);
/*!40000 ALTER TABLE `leads` ENABLE KEYS */;

-- Dumping structure for table u5487321_partner.leads_activities
CREATE TABLE IF NOT EXISTS `leads_activities` (
  `id_lead_activity` int(11) NOT NULL AUTO_INCREMENT,
  `activity` text NOT NULL,
  `date_activity` datetime NOT NULL,
  `id_leads` int(11) NOT NULL,
  `id_user` int(11) NOT NULL,
  PRIMARY KEY (`id_lead_activity`)
) ENGINE=InnoDB AUTO_INCREMENT=212 DEFAULT CHARSET=latin1 COMMENT='Tabel Leads Activities';

-- Dumping data for table u5487321_partner.leads_activities: ~10 rows (approximately)
/*!40000 ALTER TABLE `leads_activities` DISABLE KEYS */;
INSERT INTO `leads_activities` (`id_lead_activity`, `activity`, `date_activity`, `id_leads`, `id_user`) VALUES
	(174, 'Data leads telah dibuat', '2020-01-16 16:07:07', 62, 11),
	(175, 'Data leads telah dibuat', '2020-01-16 16:11:13', 63, 11),
	(176, 'Data leads telah dibuat', '2020-01-16 16:15:22', 64, 11),
	(177, 'Data leads telah dibuat', '2020-01-17 14:45:20', 65, 26),
	(178, 'Data leads telah dibuat', '2020-01-27 09:08:24', 66, 84),
	(179, 'Perubahan pada data leads', '2020-01-27 09:08:44', 66, 84),
	(180, 'Data leads telah dibuat', '2020-01-30 09:25:18', 67, 125),
	(181, 'Data leads telah dibuat', '2020-01-30 09:32:07', 68, 11),
	(182, 'Data leads telah dibuat', '2020-02-02 00:27:02', 69, 165),
	(183, 'Data leads telah dibuat', '2020-02-02 00:27:17', 70, 165),
	(184, 'Data leads telah dibuat', '2020-02-03 10:59:45', 71, 63),
	(185, 'Data leads telah dibuat', '2020-02-03 23:13:34', 72, 207),
	(186, 'Data leads telah dibuat', '2020-02-04 15:03:22', 73, 212),
	(187, 'Perubahan pada data leads', '2020-02-04 15:36:13', 71, 63),
	(188, 'Data leads telah dibuat', '2020-02-04 17:00:21', 74, 94),
	(189, 'Perubahan pada data leads', '2020-02-04 17:11:31', 74, 94),
	(190, 'Data leads telah dibuat', '2020-02-05 07:50:38', 75, 186),
	(191, 'Perubahan pada data leads', '2020-02-05 08:02:26', 75, 186),
	(192, 'Perubahan pada data leads', '2020-02-05 08:03:07', 75, 186),
	(193, 'Perubahan pada data leads', '2020-02-05 11:17:24', 71, 40),
	(194, 'Data leads telah dibuat', '2020-02-06 09:26:51', 76, 144),
	(195, 'Data leads telah dibuat', '2020-02-06 10:06:46', 77, 137),
	(196, 'Perubahan pada data leads', '2020-02-06 13:43:48', 77, 137),
	(197, 'Data leads telah dibuat', '2020-02-07 10:32:20', 78, 136),
	(198, 'Perubahan pada data leads', '2020-02-07 10:40:57', 78, 136),
	(199, 'Data leads telah dibuat', '2020-02-10 17:33:14', 79, 144),
	(200, 'Perubahan pada data leads', '2020-02-10 18:20:25', 79, 144),
	(201, 'Data leads telah dibuat', '2020-02-11 11:58:02', 80, 144),
	(202, 'Data leads telah dibuat', '2020-02-11 13:11:06', 81, 90),
	(203, 'Data leads telah dibuat', '2020-02-12 10:25:04', 82, 144),
	(204, 'Data leads telah dibuat', '2020-02-13 15:54:45', 83, 35),
	(205, 'Perubahan pada data leads', '2020-02-13 16:00:47', 83, 35),
	(206, 'Perubahan pada data leads', '2020-02-13 16:08:30', 83, 35),
	(207, 'Data leads telah dibuat', '2020-02-13 16:16:05', 84, 186),
	(208, 'Perubahan pada data leads', '2020-02-13 16:32:45', 84, 186),
	(209, 'Perubahan pada data leads', '2020-02-19 08:12:08', 77, 137),
	(210, 'Perubahan pada data leads', '2020-02-19 08:12:37', 77, 137),
	(211, 'Data leads telah dibuat', '2020-02-20 16:17:28', 85, 186);
/*!40000 ALTER TABLE `leads_activities` ENABLE KEYS */;

-- Dumping structure for table u5487321_partner.leads_assignments
CREATE TABLE IF NOT EXISTS `leads_assignments` (
  `id_leads_assignment` int(11) NOT NULL AUTO_INCREMENT,
  `nama` varchar(255) DEFAULT NULL,
  `telepon` varchar(20) DEFAULT NULL,
  `kota` varchar(255) DEFAULT NULL,
  `produk` varchar(255) DEFAULT NULL,
  `detail_produk` varchar(255) DEFAULT NULL,
  `nilai_pembiayaan` bigint(20) DEFAULT NULL,
  `assign_to` int(11) DEFAULT NULL COMMENT 'Foreign key id_branch',
  `status` varchar(255) DEFAULT NULL COMMENT 'Tidak Tertarik, Masih pikir-pikir, prospect/pengajuan, tidak valid, tidak memenuhi klasifikasi',
  `catatan` text DEFAULT NULL,
  `created_at` datetime DEFAULT NULL,
  `updated_at` datetime DEFAULT NULL,
  `id_user` varchar(255) DEFAULT NULL COMMENT 'mecatat id_user yang menginput data',
  `id_branch` int(11) DEFAULT NULL COMMENT 'Foreign Key id branch',
  PRIMARY KEY (`id_leads_assignment`),
  UNIQUE KEY `telepon` (`telepon`)
) ENGINE=InnoDB AUTO_INCREMENT=10 DEFAULT CHARSET=latin1 ROW_FORMAT=DYNAMIC;

-- Dumping data for table u5487321_partner.leads_assignments: ~8 rows (approximately)
/*!40000 ALTER TABLE `leads_assignments` DISABLE KEYS */;
INSERT INTO `leads_assignments` (`id_leads_assignment`, `nama`, `telepon`, `kota`, `produk`, `detail_produk`, `nilai_pembiayaan`, `assign_to`, `status`, `catatan`, `created_at`, `updated_at`, `id_user`, `id_branch`) VALUES
	(1, 'Ibrahim', '08780997580521', 'Tangerang', 'My Faedah', 'Berfaedah', 125000000000, 2, 'Tidak Valid', 'Bismillah', NULL, '2020-01-15 16:34:14', '1', 1),
	(2, 'Jack Grealish', '089828302802', 'Jakarta Utara', 'My Talim', 'Pendidikan', 12, 2, 'Masih Pikir-pikir', '', '2020-01-14 13:14:48', '2020-01-15 16:34:02', '1', 15),
	(3, 'Ardy Supriatman', '089827812775', 'Tangerang', 'My CarS', 'Mobil Ki', 6000000, 7, 'Prospect / Pengajuan', 'ssa', '2020-01-21 10:14:24', '2020-01-28 16:02:06', '1', 2),
	(5, 'Deshinta Putri', '086770030949', 'Tangerang', 'My Faedah', 'Beli Laptop', 25000000, 2, 'Tidak Valid', '', '2020-01-21 10:34:35', '2020-01-28 11:18:58', '1', 42),
	(6, 'Pipil', '085658748484', 'Tangerang', 'My CarS', 'Mazda 2 Type R', 350000000, 42, '42', '', '2020-02-05 15:13:17', '2020-02-05 15:13:25', '234', 46),
	(7, 'Pipil', '0856987465853', 'Tangerang', 'My Talim', 'Kuliah', 350000000, 1, 'Tidak tertarik', 'Hanya tanya saja', '2020-02-05 15:14:03', '2020-02-05 15:14:53', '234', 46),
	(8, 'rapi irawan', '081202021513', 'bogor', 'My Hajat', 'wo natasha', 40000000, 6, '6', '', '2020-02-06 13:49:24', '2020-02-06 13:49:55', '234', 46),
	(9, 'yogi', '0812124578121', 'bogor', 'My Hajat', 'wo natasha', 40000000, 6, NULL, NULL, '2020-02-06 13:52:44', '2020-02-06 13:52:44', '234', 46);
/*!40000 ALTER TABLE `leads_assignments` ENABLE KEYS */;

-- Dumping structure for table u5487321_partner.leads_follow_up
CREATE TABLE IF NOT EXISTS `leads_follow_up` (
  `id_leads_follow_up` int(11) NOT NULL AUTO_INCREMENT,
  `follow_up_by` varchar(255) DEFAULT NULL COMMENT 'Kunjungan, Whatsapp, Telepon dll',
  `date_follow_up` datetime DEFAULT NULL,
  `catatan` text DEFAULT NULL,
  `id_mapping_leads` int(11) DEFAULT NULL,
  `id_user` int(11) DEFAULT NULL COMMENT 'Mencatat Siapa yang follow up leads',
  PRIMARY KEY (`id_leads_follow_up`),
  KEY `id_mapping_leads` (`id_mapping_leads`),
  KEY `id_user` (`id_user`),
  CONSTRAINT `leads_follow_up_ibfk_1` FOREIGN KEY (`id_mapping_leads`) REFERENCES `mapping_leads` (`id_mapping_leads`) ON DELETE NO ACTION ON UPDATE NO ACTION,
  CONSTRAINT `leads_follow_up_ibfk_2` FOREIGN KEY (`id_user`) REFERENCES `users` (`id_user`) ON DELETE NO ACTION ON UPDATE NO ACTION
) ENGINE=InnoDB AUTO_INCREMENT=134 DEFAULT CHARSET=latin1 COMMENT='Tabel Leads Follow Up';

-- Dumping data for table u5487321_partner.leads_follow_up: ~10 rows (approximately)
/*!40000 ALTER TABLE `leads_follow_up` DISABLE KEYS */;
INSERT INTO `leads_follow_up` (`id_leads_follow_up`, `follow_up_by`, `date_follow_up`, `catatan`, `id_mapping_leads`, `id_user`) VALUES
	(105, 'Kunjungan', '2020-01-16 16:16:01', NULL, 61, 11),
	(106, 'Kunjungan', '2020-01-17 14:45:20', NULL, 69, 26),
	(107, 'Whatsapp', '2020-01-17 16:16:41', 'KONSUMEN MASIH FIKIR-FIKIR', 72, 11),
	(108, 'Visit Konsumen', '2020-01-17 16:22:20', 'test', 71, 11),
	(109, 'Visit Konsumen', '2020-01-17 16:22:21', 'sudah visit', 71, 11),
	(110, 'Visit Konsumen', '2020-01-17 16:22:21', 'f', 71, 11),
	(111, 'Whatsapp', '2020-01-30 09:32:07', NULL, 86, 11),
	(112, 'Visit Konsumen', '2020-02-02 02:14:47', 'Konsumen akan di visit di daerah sanga-sanga sekaligus ttd pengajuan', 89, 90),
	(113, 'Whatsapp', '2020-02-03 16:40:52', 'Minta kekurangan data pengajuan konsumen', 89, 90),
	(114, 'Whatsapp', '2020-02-03 16:42:58', 'Minta list material bangunan yang mau dibeli', 91, 90),
	(115, 'Whatsapp', '2020-02-03 23:13:34', NULL, 102, 207),
	(116, 'Visit Konsumen', '2020-02-04 08:58:53', 'Pefindo di CS Finance 1329 hari', 75, 67),
	(117, 'Kunjungan', '2020-02-04 15:03:22', NULL, 110, 212),
	(118, 'Kunjungan', '2020-02-04 17:11:31', NULL, 112, 94),
	(119, 'Telepon', '2020-02-05 08:02:26', NULL, 127, 186),
	(120, 'Telepon', '2020-02-05 08:03:07', NULL, 127, 186),
	(121, 'Kunjungan', '2020-02-05 11:17:24', NULL, 90, 40),
	(122, 'Telepon', '2020-02-05 15:12:05', 'Tidak Angkat', 134, 234),
	(123, 'Visit Konsumen', '2020-02-06 09:17:57', 'masih menunggu kelengkapan data konsumen', 145, 122),
	(124, 'Kunjungan', '2020-02-06 10:06:46', NULL, 145, 137),
	(125, 'Kunjungan', '2020-02-06 13:43:48', NULL, 145, 137),
	(126, 'Visit Konsumen', '2020-02-07 07:32:46', 'Minta data pengajuan konsumen', 154, 90),
	(127, 'Kunjungan', '2020-02-10 18:20:25', NULL, 165, 144),
	(128, 'Whatsapp', '2020-02-11 08:17:04', 'konsumen tidak mau', 134, 11),
	(129, 'Kunjungan', '2020-02-11 13:11:06', NULL, 171, 90),
	(130, 'Kunjungan', '2020-02-13 16:08:30', NULL, 181, 35),
	(131, 'Kunjungan', '2020-02-13 16:32:45', NULL, 182, 186),
	(132, 'Kunjungan', '2020-02-19 08:12:08', NULL, 145, 137),
	(133, 'Kunjungan', '2020-02-19 08:12:37', NULL, 145, 137);
/*!40000 ALTER TABLE `leads_follow_up` ENABLE KEYS */;

-- Dumping structure for table u5487321_partner.login_log
CREATE TABLE IF NOT EXISTS `login_log` (
  `id_login_log` int(11) NOT NULL AUTO_INCREMENT,
  `login_date` datetime NOT NULL,
  `id_user` int(11) NOT NULL,
  `keterangan` varchar(255) NOT NULL DEFAULT '',
  PRIMARY KEY (`id_login_log`),
  KEY `id_user` (`id_user`),
  CONSTRAINT `login_log_ibfk_1` FOREIGN KEY (`id_user`) REFERENCES `users` (`id_user`) ON DELETE NO ACTION ON UPDATE NO ACTION
) ENGINE=InnoDB AUTO_INCREMENT=991 DEFAULT CHARSET=latin1 COMMENT='Table Catatan login User';

-- Dumping data for table u5487321_partner.login_log: ~466 rows (approximately)
/*!40000 ALTER TABLE `login_log` DISABLE KEYS */;
INSERT INTO `login_log` (`id_login_log`, `login_date`, `id_user`, `keterangan`) VALUES
	(1, '0000-00-00 00:00:00', 26, ''),
	(2, '2019-11-20 02:49:49', 26, ''),
	(3, '2019-11-21 05:33:42', 26, ''),
	(4, '2019-11-21 08:35:13', 26, ''),
	(5, '2019-11-21 08:39:01', 26, ''),
	(6, '2019-11-22 08:53:40', 26, ''),
	(7, '2019-11-22 19:22:43', 26, ''),
	(8, '2019-11-22 22:04:45', 26, ''),
	(9, '2019-11-23 09:28:11', 26, ''),
	(10, '2019-11-23 10:06:55', 17, ''),
	(11, '2019-11-23 11:51:22', 26, ''),
	(12, '2019-11-23 14:52:05', 26, ''),
	(13, '2019-11-23 22:18:31', 26, ''),
	(14, '2019-11-24 13:38:30', 26, ''),
	(15, '2019-11-25 08:44:59', 26, ''),
	(16, '2019-11-25 19:16:47', 26, ''),
	(17, '2019-11-26 08:28:26', 26, ''),
	(18, '2019-11-26 13:20:53', 17, ''),
	(19, '2019-11-26 13:30:26', 26, ''),
	(20, '2019-11-26 13:31:03', 26, ''),
	(21, '2019-11-26 13:32:36', 1, ''),
	(22, '2019-11-26 14:14:02', 26, ''),
	(23, '2019-11-26 14:15:34', 26, ''),
	(24, '2019-11-26 14:27:15', 11, ''),
	(25, '2019-11-27 09:06:52', 17, ''),
	(26, '2019-11-27 09:08:36', 26, ''),
	(27, '2019-11-27 09:09:05', 11, ''),
	(28, '2019-11-27 13:20:25', 26, ''),
	(29, '2019-11-28 10:21:38', 26, ''),
	(30, '2019-11-28 15:55:51', 26, ''),
	(31, '2019-11-29 09:27:17', 26, ''),
	(32, '2019-11-29 13:40:46', 26, ''),
	(33, '2019-11-30 09:16:47', 26, ''),
	(34, '2019-12-02 08:45:54', 26, ''),
	(35, '2019-12-02 15:01:55', 26, ''),
	(36, '2019-12-02 15:15:04', 11, ''),
	(37, '2019-12-02 15:26:14', 26, ''),
	(38, '2019-12-02 15:46:18', 1, ''),
	(39, '2019-12-03 10:44:22', 11, ''),
	(40, '2019-12-03 10:57:48', 1, ''),
	(41, '2019-12-03 13:31:39', 26, ''),
	(42, '2019-12-03 13:32:06', 1, ''),
	(43, '2019-12-03 13:45:34', 11, ''),
	(44, '2019-12-03 13:58:57', 26, ''),
	(45, '2019-12-03 13:59:42', 26, ''),
	(46, '2019-12-03 14:00:13', 17, ''),
	(47, '2019-12-03 14:07:55', 26, ''),
	(48, '2019-12-03 14:21:15', 17, ''),
	(49, '2019-12-03 14:21:47', 26, ''),
	(50, '2019-12-03 14:22:38', 26, ''),
	(51, '2019-12-03 14:22:58', 17, ''),
	(52, '2019-12-03 15:56:28', 26, ''),
	(53, '2019-12-03 15:56:54', 26, ''),
	(54, '2019-12-03 15:57:25', 17, ''),
	(55, '2019-12-04 11:03:57', 26, ''),
	(56, '2019-12-04 11:17:04', 26, ''),
	(57, '2019-12-04 11:33:21', 17, ''),
	(58, '2019-12-04 13:38:59', 26, ''),
	(59, '2019-12-04 14:44:33', 26, ''),
	(60, '2019-12-04 14:44:45', 17, ''),
	(61, '2019-12-05 08:41:47', 26, ''),
	(62, '2019-12-05 09:41:55', 17, ''),
	(63, '2019-12-05 09:44:14', 1, ''),
	(64, '2019-12-05 10:21:14', 26, ''),
	(65, '2019-12-05 13:06:54', 17, ''),
	(66, '2019-12-05 13:07:10', 1, ''),
	(67, '2019-12-05 13:20:45', 26, ''),
	(68, '2019-12-05 13:55:38', 1, ''),
	(69, '2019-12-05 15:51:45', 26, ''),
	(70, '2019-12-05 15:55:24', 26, ''),
	(71, '2019-12-05 15:56:12', 11, ''),
	(72, '2019-12-05 16:01:02', 26, ''),
	(74, '2019-12-05 16:05:44', 11, ''),
	(75, '2019-12-05 16:08:41', 1, ''),
	(76, '2019-12-05 16:10:01', 26, ''),
	(77, '2019-12-05 16:30:19', 26, ''),
	(78, '2019-12-05 16:30:25', 1, ''),
	(79, '2019-12-05 16:44:03', 26, ''),
	(80, '2019-12-06 08:14:56', 26, ''),
	(82, '2019-12-06 09:06:03', 26, ''),
	(83, '2019-12-06 09:38:46', 11, ''),
	(84, '2019-12-06 09:39:03', 26, ''),
	(85, '2019-12-09 10:27:47', 26, ''),
	(86, '2019-12-09 14:19:27', 26, ''),
	(87, '2019-12-10 08:11:19', 26, ''),
	(88, '2019-12-11 08:25:07', 26, ''),
	(89, '2019-12-11 09:59:17', 26, ''),
	(90, '2019-12-11 13:52:16', 1, ''),
	(91, '2019-12-11 13:53:33', 26, ''),
	(92, '2019-12-11 15:55:37', 11, ''),
	(93, '2019-12-11 16:14:17', 26, ''),
	(94, '2019-12-11 16:14:45', 164, ''),
	(95, '2019-12-11 16:18:01', 11, ''),
	(96, '2019-12-11 16:53:07', 26, ''),
	(97, '2019-12-11 16:54:51', 26, ''),
	(98, '2019-12-12 08:40:09', 26, ''),
	(99, '2019-12-12 08:45:55', 11, ''),
	(100, '2019-12-12 08:59:52', 1, ''),
	(101, '2019-12-12 10:08:22', 26, ''),
	(102, '2019-12-12 13:05:49', 11, ''),
	(103, '2019-12-12 14:35:11', 11, ''),
	(104, '2019-12-12 14:38:16', 26, ''),
	(105, '2019-12-12 16:49:26', 11, ''),
	(106, '2019-12-12 16:50:01', 26, ''),
	(107, '2019-12-12 16:50:34', 11, ''),
	(108, '2019-12-12 16:54:30', 164, ''),
	(109, '2019-12-12 16:55:19', 26, ''),
	(110, '2019-12-12 16:56:12', 26, ''),
	(111, '2019-12-13 08:27:02', 26, ''),
	(112, '2019-12-13 08:53:03', 26, ''),
	(113, '2019-12-13 09:04:26', 26, ''),
	(114, '2019-12-13 09:39:24', 11, ''),
	(115, '2019-12-13 09:45:39', 1, ''),
	(116, '2019-12-13 09:46:38', 11, ''),
	(117, '2019-12-13 10:09:35', 1, ''),
	(118, '2019-12-13 10:15:22', 11, ''),
	(119, '2019-12-13 10:16:53', 1, ''),
	(120, '2019-12-13 10:17:57', 11, ''),
	(121, '2019-12-13 10:44:33', 164, ''),
	(122, '2019-12-13 10:45:29', 11, ''),
	(123, '2019-12-13 10:46:00', 164, ''),
	(124, '2019-12-13 11:09:36', 26, ''),
	(125, '2019-12-13 13:34:19', 11, ''),
	(126, '2019-12-13 13:42:55', 164, ''),
	(127, '2019-12-13 13:56:19', 26, ''),
	(128, '2019-12-13 13:57:44', 26, ''),
	(129, '2019-12-13 13:57:56', 164, ''),
	(130, '2019-12-13 14:00:31', 26, ''),
	(131, '2019-12-13 14:02:11', 1, ''),
	(132, '2019-12-13 14:17:48', 26, ''),
	(133, '2019-12-13 14:18:01', 164, ''),
	(134, '2019-12-13 14:18:17', 26, ''),
	(135, '2019-12-13 14:41:47', 11, ''),
	(136, '2019-12-13 15:07:25', 164, ''),
	(137, '2019-12-13 15:08:14', 26, ''),
	(138, '2019-12-13 15:08:37', 1, ''),
	(139, '2019-12-13 15:08:45', 26, ''),
	(140, '2019-12-13 15:10:11', 26, ''),
	(141, '2019-12-13 15:10:17', 1, ''),
	(142, '2019-12-13 15:11:47', 11, ''),
	(143, '2019-12-14 21:50:03', 11, ''),
	(146, '2019-12-14 23:34:28', 26, ''),
	(147, '2019-12-15 09:06:12', 11, ''),
	(148, '2019-12-15 17:16:13', 17, ''),
	(149, '2019-12-15 17:30:42', 11, ''),
	(151, '2019-12-15 23:41:15', 11, ''),
	(152, '2019-12-16 08:50:25', 17, ''),
	(153, '2019-12-16 08:52:30', 11, ''),
	(154, '2019-12-16 09:23:40', 164, ''),
	(155, '2019-12-16 09:24:30', 26, ''),
	(156, '2019-12-16 09:31:46', 17, ''),
	(157, '2019-12-16 09:32:19', 1, ''),
	(158, '2019-12-16 09:35:18', 11, ''),
	(160, '2019-12-16 12:34:30', 11, ''),
	(161, '2019-12-16 12:38:40', 51, ''),
	(162, '2019-12-16 12:39:33', 49, ''),
	(163, '2019-12-16 14:26:19', 11, ''),
	(164, '2019-12-16 16:32:02', 26, ''),
	(165, '2019-12-16 20:12:42', 26, ''),
	(166, '2019-12-17 11:06:17', 11, ''),
	(167, '2019-12-19 09:05:38', 26, ''),
	(168, '2019-12-19 13:02:31', 11, ''),
	(169, '2019-12-20 08:39:07', 26, ''),
	(170, '2019-12-20 08:50:34', 26, ''),
	(171, '2019-12-20 09:04:28', 164, ''),
	(172, '2019-12-20 09:04:52', 26, ''),
	(173, '2019-12-20 09:05:20', 1, ''),
	(174, '2019-12-20 09:10:54', 11, ''),
	(175, '2019-12-20 10:12:14', 26, ''),
	(176, '2019-12-20 10:12:32', 164, ''),
	(177, '2019-12-20 10:13:02', 26, ''),
	(178, '2019-12-20 10:13:34', 1, ''),
	(179, '2019-12-20 10:15:34', 11, ''),
	(180, '2019-12-20 14:55:30', 1, ''),
	(181, '2019-12-20 14:59:06', 11, ''),
	(182, '2019-12-21 10:00:09', 11, ''),
	(183, '2019-12-22 13:58:51', 11, ''),
	(184, '2019-12-22 16:55:23', 26, ''),
	(185, '2019-12-22 16:59:37', 164, ''),
	(186, '2019-12-22 17:32:41', 1, ''),
	(187, '2019-12-22 17:32:58', 26, ''),
	(188, '2019-12-22 17:34:08', 1, ''),
	(189, '2019-12-22 17:34:46', 11, ''),
	(190, '2019-12-22 17:37:48', 26, ''),
	(191, '2019-12-22 17:38:06', 1, ''),
	(192, '2019-12-22 17:38:49', 11, ''),
	(193, '2019-12-22 22:24:07', 164, ''),
	(194, '2019-12-22 22:24:32', 26, ''),
	(195, '2019-12-22 22:25:00', 1, ''),
	(196, '2019-12-22 22:25:29', 26, ''),
	(197, '2019-12-23 10:05:36', 26, ''),
	(198, '2019-12-23 10:09:44', 164, ''),
	(199, '2019-12-23 10:10:03', 26, ''),
	(200, '2019-12-23 10:10:24', 1, ''),
	(201, '2019-12-23 10:10:53', 26, ''),
	(202, '2019-12-23 10:13:48', 11, ''),
	(203, '2019-12-23 12:29:59', 26, ''),
	(204, '2019-12-24 08:36:45', 11, ''),
	(205, '2019-12-24 10:22:38', 26, ''),
	(206, '2019-12-24 14:12:14', 17, ''),
	(207, '2019-12-24 14:13:38', 11, ''),
	(208, '2019-12-26 08:35:48', 26, ''),
	(209, '2019-12-26 14:17:37', 11, ''),
	(210, '2019-12-26 14:20:13', 26, ''),
	(211, '2019-12-26 14:20:26', 1, ''),
	(212, '2019-12-26 14:22:36', 17, ''),
	(213, '2019-12-26 14:22:45', 11, ''),
	(215, '2019-12-26 14:46:37', 11, ''),
	(216, '2019-12-26 14:47:11', 164, ''),
	(217, '2019-12-26 16:21:50', 26, ''),
	(219, '2019-12-27 08:37:19', 11, ''),
	(221, '2019-12-27 10:35:43', 26, ''),
	(222, '2019-12-27 11:10:45', 26, ''),
	(223, '2019-12-27 11:10:59', 11, ''),
	(224, '2019-12-27 13:33:48', 11, ''),
	(225, '2019-12-27 17:11:48', 26, ''),
	(226, '2019-12-28 10:39:04', 11, ''),
	(227, '2019-12-28 10:57:23', 11, ''),
	(229, '2019-12-29 12:47:42', 1, ''),
	(230, '2019-12-29 13:42:14', 11, ''),
	(234, '2019-12-29 17:02:14', 164, ''),
	(235, '2019-12-29 17:03:34', 26, ''),
	(236, '2019-12-29 17:04:00', 1, ''),
	(238, '2019-12-30 09:12:46', 164, ''),
	(239, '2019-12-30 09:26:41', 26, ''),
	(241, '2020-01-02 09:26:52', 11, ''),
	(243, '2020-01-02 11:18:47', 11, ''),
	(244, '2020-01-02 13:07:40', 26, ''),
	(245, '2020-01-03 08:28:34', 164, ''),
	(246, '2020-01-03 08:29:17', 11, ''),
	(248, '2020-01-03 11:01:09', 164, ''),
	(249, '2020-01-03 11:14:58', 11, ''),
	(251, '2020-01-03 11:18:17', 26, ''),
	(253, '2020-01-03 13:28:49', 26, ''),
	(255, '2020-01-03 13:35:38', 26, ''),
	(257, '2020-01-03 13:47:20', 11, ''),
	(258, '2020-01-03 14:16:54', 1, ''),
	(259, '2020-01-03 14:34:49', 26, ''),
	(260, '2020-01-03 14:35:06', 26, ''),
	(261, '2020-01-07 09:30:52', 11, ''),
	(263, '2020-01-07 10:37:12', 155, ''),
	(265, '2020-01-07 11:03:38', 11, ''),
	(266, '2020-01-07 16:16:35', 11, ''),
	(267, '2020-01-08 08:55:50', 11, ''),
	(268, '2020-01-08 09:13:30', 11, ''),
	(270, '2020-01-08 10:04:37', 26, ''),
	(272, '2020-01-08 10:57:23', 26, ''),
	(274, '2020-01-08 13:15:24', 26, ''),
	(276, '2020-01-08 14:06:44', 11, ''),
	(277, '2020-01-08 14:36:35', 164, ''),
	(278, '2020-01-08 14:37:58', 26, ''),
	(279, '2020-01-09 08:34:32', 1, ''),
	(280, '2020-01-09 08:39:15', 219, ''),
	(281, '2020-01-09 11:07:12', 1, ''),
	(282, '2020-01-09 14:09:04', 164, ''),
	(284, '2020-01-09 16:22:32', 164, ''),
	(285, '2020-01-09 16:38:49', 219, ''),
	(286, '2020-01-10 11:05:23', 11, ''),
	(287, '2020-01-10 13:46:24', 11, ''),
	(288, '2020-01-10 14:49:14', 26, ''),
	(289, '2020-01-13 08:59:50', 11, ''),
	(290, '2020-01-13 15:00:17', 1, ''),
	(291, '2020-01-13 15:03:31', 164, ''),
	(292, '2020-01-14 08:54:27', 11, ''),
	(293, '2020-01-14 09:37:08', 1, ''),
	(294, '2020-01-14 09:38:16', 1, ''),
	(295, '2020-01-14 11:13:11', 164, ''),
	(296, '2020-01-14 11:23:45', 1, ''),
	(297, '2020-01-14 11:25:14', 164, ''),
	(298, '2020-01-14 11:38:31', 1, ''),
	(299, '2020-01-14 11:46:09', 1, ''),
	(300, '2020-01-14 11:48:14', 164, ''),
	(301, '2020-01-14 11:48:57', 1, ''),
	(302, '2020-01-14 11:49:20', 164, ''),
	(303, '2020-01-14 11:59:19', 1, ''),
	(304, '2020-01-14 13:26:51', 164, ''),
	(305, '2020-01-14 14:36:19', 1, ''),
	(306, '2020-01-14 15:01:01', 164, ''),
	(307, '2020-01-14 15:01:36', 1, ''),
	(308, '2020-01-14 16:52:30', 11, ''),
	(309, '2020-01-14 17:01:55', 164, ''),
	(310, '2020-01-15 08:17:33', 11, ''),
	(311, '2020-01-15 09:22:49', 164, ''),
	(312, '2020-01-15 14:50:53', 164, ''),
	(313, '2020-01-15 16:22:15', 1, ''),
	(314, '2020-01-15 16:32:05', 1, ''),
	(316, '2020-01-16 08:36:57', 164, ''),
	(317, '2020-01-16 09:53:56', 164, ''),
	(318, '2020-01-16 09:56:29', 11, ''),
	(319, '2020-01-16 09:57:11', 164, ''),
	(320, '2020-01-16 12:27:35', 11, ''),
	(321, '2020-01-16 13:17:46', 1, ''),
	(322, '2020-01-16 13:21:13', 164, ''),
	(323, '2020-01-16 13:21:35', 26, ''),
	(324, '2020-01-16 13:40:52', 26, ''),
	(325, '2020-01-16 13:46:42', 1, ''),
	(326, '2020-01-16 13:49:47', 26, ''),
	(327, '2020-01-16 13:58:01', 26, ''),
	(328, '2020-01-16 13:59:43', 11, ''),
	(329, '2020-01-16 14:01:31', 26, ''),
	(330, '2020-01-16 14:02:19', 26, ''),
	(331, '2020-01-16 14:41:04', 11, ''),
	(332, '2020-01-17 11:06:51', 11, ''),
	(333, '2020-01-17 14:02:19', 11, ''),
	(334, '2020-01-17 14:08:20', 11, ''),
	(335, '2020-01-17 14:09:55', 26, ''),
	(336, '2020-01-17 14:43:35', 26, ''),
	(337, '2020-01-17 14:59:55', 11, ''),
	(338, '2020-01-17 16:09:03', 11, ''),
	(339, '2020-01-17 16:09:37', 11, ''),
	(340, '2020-01-17 16:09:38', 11, ''),
	(341, '2020-01-17 16:09:38', 11, ''),
	(342, '2020-01-17 16:09:39', 11, ''),
	(343, '2020-01-17 16:09:39', 11, ''),
	(344, '2020-01-17 16:09:39', 11, ''),
	(345, '2020-01-17 16:09:40', 11, ''),
	(346, '2020-01-17 16:09:40', 11, ''),
	(347, '2020-01-17 16:09:43', 11, ''),
	(348, '2020-01-17 16:09:43', 11, ''),
	(349, '2020-01-17 16:09:51', 11, ''),
	(350, '2020-01-17 16:09:53', 11, ''),
	(351, '2020-01-17 16:10:10', 11, ''),
	(352, '2020-01-17 16:10:10', 11, ''),
	(353, '2020-01-17 16:10:12', 11, ''),
	(354, '2020-01-17 16:10:14', 11, ''),
	(355, '2020-01-17 16:10:16', 11, ''),
	(356, '2020-01-17 16:10:21', 11, ''),
	(357, '2020-01-17 16:10:23', 11, ''),
	(358, '2020-01-17 16:10:36', 11, ''),
	(359, '2020-01-17 16:10:40', 11, ''),
	(360, '2020-01-17 16:10:40', 11, ''),
	(361, '2020-01-17 16:10:43', 11, ''),
	(362, '2020-01-17 16:10:46', 11, ''),
	(363, '2020-01-17 16:10:48', 11, ''),
	(364, '2020-01-17 16:10:52', 11, ''),
	(365, '2020-01-17 16:10:52', 11, ''),
	(366, '2020-01-17 16:11:00', 11, ''),
	(367, '2020-01-17 16:11:01', 11, ''),
	(368, '2020-01-17 16:11:06', 11, ''),
	(369, '2020-01-17 16:11:07', 11, ''),
	(370, '2020-01-17 16:11:14', 11, ''),
	(371, '2020-01-17 16:11:17', 11, ''),
	(372, '2020-01-17 16:11:18', 11, ''),
	(373, '2020-01-17 16:11:20', 11, ''),
	(374, '2020-01-17 16:11:22', 11, ''),
	(375, '2020-01-17 16:11:24', 11, ''),
	(376, '2020-01-17 16:11:29', 11, ''),
	(377, '2020-01-17 16:11:36', 11, ''),
	(378, '2020-01-17 16:11:47', 11, ''),
	(379, '2020-01-17 16:12:10', 11, ''),
	(380, '2020-01-17 16:12:26', 11, ''),
	(381, '2020-01-17 16:12:46', 11, ''),
	(382, '2020-01-17 16:12:58', 11, ''),
	(383, '2020-01-17 16:13:35', 11, ''),
	(384, '2020-01-17 16:17:26', 11, ''),
	(385, '2020-01-17 16:21:58', 11, ''),
	(386, '2020-01-17 16:29:48', 11, ''),
	(387, '2020-01-20 10:43:46', 1, ''),
	(388, '2020-01-20 10:48:38', 1, ''),
	(389, '2020-01-20 11:19:46', 164, ''),
	(390, '2020-01-20 22:29:17', 11, ''),
	(391, '2020-01-20 22:30:07', 1, ''),
	(392, '2020-01-20 22:30:34', 164, ''),
	(393, '2020-01-21 09:16:00', 11, ''),
	(394, '2020-01-21 16:27:32', 1, ''),
	(395, '2020-01-21 23:44:43', 1, ''),
	(396, '2020-01-22 10:20:32', 164, ''),
	(397, '2020-01-22 13:40:27', 11, ''),
	(398, '2020-01-22 14:44:42', 26, ''),
	(399, '2020-01-22 14:48:14', 26, ''),
	(400, '2020-01-22 15:26:12', 26, ''),
	(401, '2020-01-22 16:32:17', 1, ''),
	(402, '2020-01-22 16:43:28', 11, ''),
	(403, '2020-01-22 17:01:58', 1, ''),
	(404, '2020-01-22 17:12:45', 1, ''),
	(405, '2020-01-22 17:13:06', 220, ''),
	(406, '2020-01-22 20:12:11', 1, ''),
	(407, '2020-01-22 20:16:47', 1, ''),
	(408, '2020-01-23 15:43:08', 17, ''),
	(409, '2020-01-23 16:58:26', 11, ''),
	(410, '2020-01-23 19:02:38', 11, ''),
	(411, '2020-01-23 23:10:58', 1, ''),
	(412, '2020-01-23 23:13:22', 17, ''),
	(413, '2020-01-23 23:14:15', 1, ''),
	(415, '2020-01-24 09:16:34', 1, ''),
	(416, '2020-01-24 09:22:20', 11, ''),
	(417, '2020-01-24 09:53:56', 1, ''),
	(418, '2020-01-24 09:55:03', 17, ''),
	(419, '2020-01-24 10:30:57', 11, ''),
	(420, '2020-01-24 10:33:34', 17, ''),
	(421, '2020-01-24 10:36:26', 17, ''),
	(422, '2020-01-24 11:15:32', 11, ''),
	(423, '2020-01-24 13:46:03', 11, ''),
	(424, '2020-01-24 14:17:49', 11, ''),
	(425, '2020-01-24 23:07:16', 17, ''),
	(426, '2020-01-25 09:31:20', 11, ''),
	(427, '2020-01-25 13:27:41', 17, ''),
	(428, '2020-01-26 20:36:18', 26, ''),
	(429, '2020-01-27 07:57:41', 11, ''),
	(430, '2020-01-27 08:48:38', 26, ''),
	(431, '2020-01-27 08:57:41', 84, ''),
	(432, '2020-01-27 09:04:57', 17, ''),
	(433, '2020-01-27 09:16:32', 17, ''),
	(434, '2020-01-27 10:01:04', 227, ''),
	(435, '2020-01-27 10:05:33', 11, ''),
	(436, '2020-01-27 10:12:49', 40, ''),
	(437, '2020-01-27 10:14:24', 31, ''),
	(438, '2020-01-27 10:17:15', 11, ''),
	(439, '2020-01-27 10:17:17', 227, ''),
	(440, '2020-01-27 10:17:18', 49, ''),
	(441, '2020-01-27 10:18:16', 17, ''),
	(442, '2020-01-27 10:20:29', 83, ''),
	(443, '2020-01-27 10:24:34', 122, ''),
	(444, '2020-01-27 10:24:46', 17, ''),
	(445, '2020-01-27 10:25:26', 17, ''),
	(446, '2020-01-27 10:26:25', 122, ''),
	(447, '2020-01-27 10:33:42', 11, ''),
	(448, '2020-01-27 10:36:39', 17, ''),
	(449, '2020-01-27 10:43:20', 66, ''),
	(450, '2020-01-27 11:23:27', 17, ''),
	(451, '2020-01-27 11:33:58', 17, ''),
	(452, '2020-01-27 11:37:44', 11, ''),
	(453, '2020-01-27 11:39:19', 1, ''),
	(454, '2020-01-27 11:48:33', 11, ''),
	(455, '2020-01-27 11:55:11', 102, ''),
	(456, '2020-01-27 11:55:55', 68, ''),
	(457, '2020-01-27 11:59:42', 17, ''),
	(458, '2020-01-27 12:04:33', 91, ''),
	(459, '2020-01-27 13:37:55', 17, ''),
	(460, '2020-01-27 13:40:36', 165, ''),
	(461, '2020-01-27 14:32:42', 17, ''),
	(462, '2020-01-27 14:33:19', 26, ''),
	(463, '2020-01-27 14:34:16', 1, ''),
	(464, '2020-01-27 16:02:57', 11, ''),
	(465, '2020-01-27 16:08:42', 26, ''),
	(466, '2020-01-27 16:19:25', 1, ''),
	(467, '2020-01-27 16:44:33', 1, 'login'),
	(468, '2020-01-27 16:49:20', 103, 'login'),
	(469, '2020-01-27 16:51:30', 26, 'login'),
	(470, '2020-01-27 16:51:55', 17, 'login'),
	(471, '2020-01-27 16:52:10', 17, 'login'),
	(472, '2020-01-27 16:54:47', 17, 'login'),
	(473, '2020-01-27 16:54:55', 17, 'login'),
	(474, '2020-01-27 16:56:03', 17, 'login'),
	(475, '2020-01-27 16:58:43', 17, 'login'),
	(476, '2020-01-27 17:05:12', 26, 'login'),
	(477, '2020-01-27 17:09:29', 1, 'login'),
	(478, '2020-01-27 17:17:17', 116, 'login'),
	(479, '2020-01-27 17:21:48', 26, 'login'),
	(480, '2020-01-27 17:44:42', 17, 'login'),
	(481, '2020-01-27 17:52:37', 66, 'login'),
	(482, '2020-01-27 17:53:31', 67, 'login'),
	(483, '2020-01-27 17:56:36', 227, 'login'),
	(484, '2020-01-27 19:30:07', 227, 'login'),
	(485, '2020-01-28 07:13:44', 201, 'login'),
	(486, '2020-01-28 07:21:28', 212, 'login'),
	(487, '2020-01-28 08:14:42', 116, 'login'),
	(488, '2020-01-28 08:15:48', 116, 'login'),
	(489, '2020-01-28 08:30:22', 17, 'login'),
	(490, '2020-01-28 08:33:06', 128, 'login'),
	(491, '2020-01-28 08:35:43', 17, 'login'),
	(492, '2020-01-28 08:41:17', 17, 'login'),
	(493, '2020-01-28 08:41:39', 17, 'login'),
	(494, '2020-01-28 08:48:42', 66, 'login'),
	(495, '2020-01-28 08:49:41', 67, 'login'),
	(496, '2020-01-28 08:51:07', 108, 'login'),
	(497, '2020-01-28 09:08:11', 17, 'login'),
	(498, '2020-01-28 09:09:21', 11, 'login'),
	(499, '2020-01-28 10:06:38', 1, 'login'),
	(500, '2020-01-28 10:36:26', 26, 'login'),
	(501, '2020-01-28 10:47:03', 1, 'login'),
	(502, '2020-01-28 10:49:34', 231, 'login'),
	(503, '2020-01-28 10:49:55', 231, 'login'),
	(504, '2020-01-28 10:59:15', 70, 'login'),
	(505, '2020-01-28 11:07:33', 49, 'login'),
	(506, '2020-01-28 11:10:01', 75, 'login'),
	(507, '2020-01-28 11:48:25', 49, 'login'),
	(508, '2020-01-28 11:50:52', 49, 'login'),
	(509, '2020-01-28 11:59:38', 116, 'login'),
	(510, '2020-01-28 12:08:19', 116, 'login'),
	(511, '2020-01-28 12:26:28', 212, 'login'),
	(512, '2020-01-28 12:43:50', 212, 'login'),
	(513, '2020-01-28 12:47:02', 212, 'login'),
	(514, '2020-01-28 12:47:42', 116, 'login'),
	(515, '2020-01-28 13:16:24', 26, 'login'),
	(516, '2020-01-28 16:29:14', 116, 'login'),
	(517, '2020-01-28 16:43:30', 161, 'login'),
	(518, '2020-01-28 17:26:28', 17, 'login'),
	(519, '2020-01-28 17:44:41', 161, 'login'),
	(520, '2020-01-29 08:49:20', 63, 'login'),
	(521, '2020-01-29 08:51:07', 40, 'login'),
	(522, '2020-01-29 08:51:29', 40, 'login'),
	(523, '2020-01-29 08:56:59', 26, 'login'),
	(524, '2020-01-29 08:59:03', 63, 'login'),
	(525, '2020-01-29 09:14:04', 63, 'login'),
	(526, '2020-01-29 09:19:01', 11, 'login'),
	(527, '2020-01-29 09:19:50', 17, 'login'),
	(528, '2020-01-29 09:21:55', 90, 'login'),
	(529, '2020-01-29 09:22:16', 90, 'login'),
	(530, '2020-01-29 09:22:55', 90, 'login'),
	(531, '2020-01-29 09:34:15', 90, 'login'),
	(532, '2020-01-29 09:53:31', 26, 'login'),
	(533, '2020-01-29 15:24:49', 17, 'login'),
	(534, '2020-01-29 16:22:56', 1, 'login'),
	(535, '2020-01-29 16:23:12', 17, 'login'),
	(536, '2020-01-29 17:09:50', 11, 'login'),
	(537, '2020-01-29 17:33:55', 161, 'login'),
	(538, '2020-01-29 17:59:09', 63, 'login'),
	(539, '2020-01-30 08:27:07', 40, 'login'),
	(540, '2020-01-30 09:03:42', 32, 'login'),
	(541, '2020-01-30 09:04:23', 107, 'login'),
	(542, '2020-01-30 09:06:59', 1, 'login'),
	(543, '2020-01-30 09:18:18', 125, 'login'),
	(544, '2020-01-30 09:28:05', 11, 'login'),
	(545, '2020-01-30 09:33:49', 17, 'login'),
	(546, '2020-01-30 10:10:11', 227, 'login'),
	(547, '2020-01-30 10:10:44', 17, 'login'),
	(548, '2020-01-30 17:11:44', 17, 'login'),
	(549, '2020-01-30 17:28:07', 161, 'login'),
	(550, '2020-01-30 17:51:28', 63, 'login'),
	(551, '2020-01-31 09:53:17', 103, 'login'),
	(552, '2020-01-31 10:14:58', 17, 'login'),
	(553, '2020-01-31 16:20:06', 11, 'login'),
	(554, '2020-02-01 08:24:46', 102, 'login'),
	(555, '2020-02-01 08:53:50', 78, 'login'),
	(556, '2020-02-01 09:25:47', 17, 'login'),
	(557, '2020-02-01 09:42:31', 115, 'login'),
	(558, '2020-02-01 09:45:39', 79, 'login'),
	(559, '2020-02-01 09:50:35', 79, 'login'),
	(560, '2020-02-01 09:52:41', 79, 'login'),
	(561, '2020-02-01 09:54:19', 115, 'login'),
	(562, '2020-02-01 09:58:51', 67, 'login'),
	(563, '2020-02-01 10:22:08', 107, 'login'),
	(564, '2020-02-01 10:22:27', 32, 'login'),
	(565, '2020-02-01 10:30:47', 170, 'login'),
	(566, '2020-02-02 00:12:02', 165, 'login'),
	(567, '2020-02-02 01:58:18', 90, 'login'),
	(568, '2020-02-02 07:09:50', 90, 'login'),
	(569, '2020-02-02 07:15:33', 90, 'login'),
	(570, '2020-02-02 07:16:56', 90, 'login'),
	(571, '2020-02-02 07:25:11', 90, 'login'),
	(572, '2020-02-02 07:26:07', 17, 'login'),
	(573, '2020-02-02 07:28:08', 90, 'login'),
	(574, '2020-02-02 07:29:13', 17, 'login'),
	(575, '2020-02-02 07:29:37', 90, 'login'),
	(576, '2020-02-02 07:29:45', 90, 'login'),
	(577, '2020-02-02 07:31:13', 36, 'login'),
	(578, '2020-02-02 07:34:04', 90, 'login'),
	(579, '2020-02-02 07:36:24', 90, 'login'),
	(580, '2020-02-02 07:38:37', 17, 'login'),
	(581, '2020-02-02 08:37:18', 17, 'login'),
	(582, '2020-02-02 08:38:06', 90, 'login'),
	(583, '2020-02-02 09:15:34', 90, 'login'),
	(584, '2020-02-02 09:16:42', 17, 'login'),
	(585, '2020-02-02 09:26:35', 11, 'login'),
	(586, '2020-02-02 12:14:05', 115, 'login'),
	(587, '2020-02-02 19:10:19', 90, 'login'),
	(588, '2020-02-03 08:14:32', 115, 'login'),
	(589, '2020-02-03 08:30:19', 112, 'login'),
	(590, '2020-02-03 08:31:01', 115, 'login'),
	(591, '2020-02-03 08:41:03', 212, 'login'),
	(592, '2020-02-03 08:42:52', 79, 'login'),
	(593, '2020-02-03 08:44:13', 183, 'login'),
	(594, '2020-02-03 08:47:13', 79, 'login'),
	(595, '2020-02-03 08:58:36', 91, 'login'),
	(596, '2020-02-03 09:31:22', 122, 'login'),
	(597, '2020-02-03 09:33:17', 135, 'login'),
	(598, '2020-02-03 10:01:46', 17, 'login'),
	(599, '2020-02-03 10:05:23', 36, 'login'),
	(600, '2020-02-03 10:29:22', 178, 'login'),
	(601, '2020-02-03 10:31:49', 31, 'login'),
	(602, '2020-02-03 10:43:10', 63, 'login'),
	(603, '2020-02-03 10:45:20', 50, 'login'),
	(604, '2020-02-03 10:54:20', 109, 'login'),
	(605, '2020-02-03 10:55:38', 41, 'login'),
	(606, '2020-02-03 10:58:09', 29, 'login'),
	(607, '2020-02-03 10:59:38', 111, 'login'),
	(608, '2020-02-03 11:17:29', 36, 'login'),
	(609, '2020-02-03 11:23:16', 132, 'login'),
	(610, '2020-02-03 11:27:58', 132, 'login'),
	(611, '2020-02-03 11:29:45', 132, 'login'),
	(612, '2020-02-03 11:33:07', 36, 'login'),
	(613, '2020-02-03 11:37:15', 17, 'login'),
	(614, '2020-02-03 11:51:44', 154, 'login'),
	(615, '2020-02-03 12:02:25', 79, 'login'),
	(616, '2020-02-03 12:23:12', 165, 'login'),
	(617, '2020-02-03 13:23:23', 63, 'login'),
	(618, '2020-02-03 13:25:10', 90, 'login'),
	(619, '2020-02-03 14:00:11', 103, 'login'),
	(620, '2020-02-03 14:55:50', 90, 'login'),
	(621, '2020-02-03 15:11:51', 107, 'login'),
	(622, '2020-02-03 15:11:58', 11, 'login'),
	(623, '2020-02-03 15:17:30', 170, 'login'),
	(624, '2020-02-03 15:43:33', 63, 'login'),
	(625, '2020-02-03 15:46:14', 63, 'login'),
	(626, '2020-02-03 16:00:12', 63, 'login'),
	(627, '2020-02-03 16:12:49', 36, 'login'),
	(628, '2020-02-03 16:22:40', 17, 'login'),
	(629, '2020-02-03 16:25:01', 233, 'login'),
	(630, '2020-02-03 16:35:22', 41, 'login'),
	(631, '2020-02-03 16:36:46', 212, 'login'),
	(632, '2020-02-03 16:47:05', 109, 'login'),
	(633, '2020-02-03 16:51:03', 198, 'login'),
	(634, '2020-02-03 16:55:18', 198, 'login'),
	(635, '2020-02-03 17:11:59', 109, 'login'),
	(636, '2020-02-03 17:19:07', 206, 'login'),
	(637, '2020-02-03 17:30:51', 207, 'login'),
	(638, '2020-02-03 17:38:59', 63, 'login'),
	(639, '2020-02-03 17:51:08', 33, 'login'),
	(640, '2020-02-03 17:56:09', 103, 'login'),
	(641, '2020-02-03 17:57:58', 116, 'login'),
	(642, '2020-02-03 18:04:28', 161, 'login'),
	(643, '2020-02-03 19:39:01', 90, 'login'),
	(644, '2020-02-03 19:55:49', 212, 'login'),
	(645, '2020-02-03 22:05:02', 116, 'login'),
	(646, '2020-02-03 22:34:43', 11, 'login'),
	(647, '2020-02-03 22:35:27', 116, 'login'),
	(648, '2020-02-03 22:35:29', 17, 'login'),
	(649, '2020-02-03 22:41:49', 207, 'login'),
	(650, '2020-02-04 07:22:48', 103, 'login'),
	(651, '2020-02-04 07:45:06', 212, 'login'),
	(652, '2020-02-04 08:27:05', 1, 'login'),
	(653, '2020-02-04 08:30:12', 114, 'login'),
	(654, '2020-02-04 08:30:36', 17, 'login'),
	(655, '2020-02-04 08:30:58', 40, 'login'),
	(656, '2020-02-04 08:31:40', 114, 'login'),
	(657, '2020-02-04 08:32:00', 200, 'login'),
	(658, '2020-02-04 08:43:23', 17, 'login'),
	(659, '2020-02-04 08:44:29', 1, 'login'),
	(660, '2020-02-04 08:46:48', 161, 'login'),
	(661, '2020-02-04 08:47:21', 63, 'login'),
	(662, '2020-02-04 08:55:48', 66, 'login'),
	(663, '2020-02-04 08:57:46', 67, 'login'),
	(664, '2020-02-04 09:19:20', 117, 'login'),
	(665, '2020-02-04 09:50:23', 66, 'login'),
	(666, '2020-02-04 09:50:50', 212, 'login'),
	(667, '2020-02-04 09:51:46', 11, 'login'),
	(668, '2020-02-04 09:53:30', 67, 'login'),
	(669, '2020-02-04 10:01:14', 109, 'login'),
	(670, '2020-02-04 10:19:01', 90, 'login'),
	(671, '2020-02-04 10:19:39', 132, 'login'),
	(672, '2020-02-04 10:21:19', 150, 'login'),
	(673, '2020-02-04 10:48:25', 35, 'login'),
	(674, '2020-02-04 11:17:25', 17, 'login'),
	(675, '2020-02-04 11:25:01', 154, 'login'),
	(676, '2020-02-04 11:59:20', 103, 'login'),
	(677, '2020-02-04 12:25:31', 212, 'login'),
	(678, '2020-02-04 12:30:35', 90, 'login'),
	(679, '2020-02-04 12:38:49', 103, 'login'),
	(680, '2020-02-04 13:20:42', 212, 'login'),
	(681, '2020-02-04 13:21:47', 103, 'login'),
	(682, '2020-02-04 13:43:46', 17, 'login'),
	(683, '2020-02-04 13:44:36', 234, 'login'),
	(684, '2020-02-04 13:44:52', 234, 'login'),
	(685, '2020-02-04 13:45:31', 17, 'login'),
	(686, '2020-02-04 13:45:39', 120, 'login'),
	(687, '2020-02-04 13:45:46', 17, 'login'),
	(688, '2020-02-04 13:45:50', 130, 'login'),
	(689, '2020-02-04 13:46:29', 11, 'login'),
	(690, '2020-02-04 13:56:18', 238, 'login'),
	(691, '2020-02-04 13:56:25', 237, 'login'),
	(692, '2020-02-04 14:03:46', 181, 'login'),
	(693, '2020-02-04 14:13:26', 11, 'login'),
	(694, '2020-02-04 14:21:37', 212, 'login'),
	(695, '2020-02-04 14:26:36', 17, 'login'),
	(696, '2020-02-04 14:32:47', 116, 'login'),
	(697, '2020-02-04 14:49:50', 17, 'login'),
	(698, '2020-02-04 15:35:22', 63, 'login'),
	(699, '2020-02-04 15:46:14', 103, 'login'),
	(700, '2020-02-04 16:28:52', 66, 'login'),
	(701, '2020-02-04 16:36:58', 115, 'login'),
	(702, '2020-02-04 16:37:46', 115, 'login'),
	(703, '2020-02-04 16:54:23', 94, 'login'),
	(704, '2020-02-04 17:25:03', 161, 'login'),
	(705, '2020-02-04 17:35:14', 181, 'login'),
	(706, '2020-02-04 17:35:29', 168, 'login'),
	(707, '2020-02-04 17:40:05', 63, 'login'),
	(708, '2020-02-04 19:52:57', 63, 'login'),
	(709, '2020-02-05 00:34:44', 103, 'login'),
	(710, '2020-02-05 00:52:02', 103, 'login'),
	(711, '2020-02-05 07:36:36', 186, 'login'),
	(712, '2020-02-05 07:40:24', 103, 'login'),
	(713, '2020-02-05 07:41:52', 116, 'login'),
	(714, '2020-02-05 08:58:54', 212, 'login'),
	(715, '2020-02-05 09:11:38', 36, 'login'),
	(716, '2020-02-05 09:26:59', 109, 'login'),
	(717, '2020-02-05 09:48:31', 102, 'login'),
	(718, '2020-02-05 09:53:55', 11, 'login'),
	(719, '2020-02-05 09:55:22', 1, 'login'),
	(720, '2020-02-05 09:55:43', 11, 'login'),
	(721, '2020-02-05 10:17:28', 1, 'login'),
	(722, '2020-02-05 10:21:33', 17, 'login'),
	(723, '2020-02-05 10:22:49', 241, 'login'),
	(724, '2020-02-05 10:27:00', 11, 'login'),
	(725, '2020-02-05 11:12:02', 40, 'login'),
	(726, '2020-02-05 11:30:00', 11, 'login'),
	(727, '2020-02-05 13:10:03', 212, 'login'),
	(728, '2020-02-05 13:48:58', 103, 'login'),
	(729, '2020-02-05 13:56:22', 132, 'login'),
	(730, '2020-02-05 14:01:26', 11, 'login'),
	(731, '2020-02-05 14:04:28', 17, 'login'),
	(732, '2020-02-05 14:06:41', 103, 'login'),
	(733, '2020-02-05 14:21:37', 181, 'login'),
	(734, '2020-02-05 14:23:35', 11, 'login'),
	(735, '2020-02-05 14:24:06', 1, 'login'),
	(736, '2020-02-05 14:29:28', 17, 'login'),
	(737, '2020-02-05 15:04:31', 234, 'login'),
	(738, '2020-02-05 15:07:19', 17, 'login'),
	(739, '2020-02-05 15:08:47', 234, 'login'),
	(740, '2020-02-05 15:14:30', 124, 'login'),
	(741, '2020-02-05 15:38:29', 33, 'login'),
	(742, '2020-02-05 16:24:58', 17, 'login'),
	(743, '2020-02-05 16:41:05', 120, 'login'),
	(744, '2020-02-05 16:42:12', 139, 'login'),
	(745, '2020-02-05 16:42:50', 237, 'login'),
	(746, '2020-02-05 16:43:22', 238, 'login'),
	(747, '2020-02-05 16:47:17', 130, 'login'),
	(748, '2020-02-05 16:50:40', 244, 'login'),
	(749, '2020-02-05 16:50:55', 244, 'login'),
	(750, '2020-02-05 16:51:18', 244, 'login'),
	(751, '2020-02-05 16:55:46', 161, 'login'),
	(752, '2020-02-05 16:59:16', 157, 'login'),
	(753, '2020-02-05 17:00:05', 157, 'login'),
	(754, '2020-02-05 17:19:30', 63, 'login'),
	(755, '2020-02-05 17:19:30', 63, 'login'),
	(756, '2020-02-05 17:28:39', 116, 'login'),
	(757, '2020-02-05 17:31:45', 240, 'login'),
	(758, '2020-02-05 17:35:19', 240, 'login'),
	(759, '2020-02-05 18:01:51', 244, 'login'),
	(760, '2020-02-05 18:11:47', 1, 'login'),
	(761, '2020-02-05 18:39:57', 241, 'login'),
	(762, '2020-02-05 19:48:11', 237, 'login'),
	(763, '2020-02-06 05:06:43', 116, 'login'),
	(764, '2020-02-06 07:23:08', 90, 'login'),
	(765, '2020-02-06 08:06:45', 238, 'login'),
	(766, '2020-02-06 08:15:54', 102, 'login'),
	(767, '2020-02-06 08:37:39', 103, 'login'),
	(768, '2020-02-06 08:51:13', 64, 'login'),
	(769, '2020-02-06 08:52:54', 11, 'login'),
	(770, '2020-02-06 08:55:58', 135, 'login'),
	(771, '2020-02-06 08:56:01', 122, 'login'),
	(772, '2020-02-06 08:58:26', 137, 'login'),
	(773, '2020-02-06 09:06:34', 17, 'login'),
	(774, '2020-02-06 09:07:07', 11, 'login'),
	(775, '2020-02-06 09:07:21', 144, 'login'),
	(776, '2020-02-06 09:08:08', 11, 'login'),
	(777, '2020-02-06 09:13:31', 144, 'login'),
	(778, '2020-02-06 09:17:11', 122, 'login'),
	(779, '2020-02-06 09:24:44', 144, 'login'),
	(780, '2020-02-06 10:04:19', 137, 'login'),
	(781, '2020-02-06 10:10:33', 62, 'login'),
	(782, '2020-02-06 10:10:49', 60, 'login'),
	(783, '2020-02-06 10:48:07', 212, 'login'),
	(784, '2020-02-06 12:33:02', 32, 'login'),
	(785, '2020-02-06 12:33:56', 32, 'login'),
	(786, '2020-02-06 13:42:10', 137, 'login'),
	(787, '2020-02-06 13:46:37', 234, 'login'),
	(788, '2020-02-06 13:53:24', 234, 'login'),
	(789, '2020-02-06 13:55:07', 50, 'login'),
	(790, '2020-02-06 15:40:19', 212, 'login'),
	(791, '2020-02-06 15:51:36', 90, 'login'),
	(792, '2020-02-06 16:02:38', 28, 'login'),
	(793, '2020-02-06 16:08:00', 90, 'login'),
	(794, '2020-02-06 16:29:02', 61, 'login'),
	(795, '2020-02-06 17:13:27', 116, 'login'),
	(796, '2020-02-06 17:13:55', 63, 'login'),
	(797, '2020-02-06 17:28:06', 161, 'login'),
	(798, '2020-02-06 17:29:20', 116, 'login'),
	(799, '2020-02-06 18:40:21', 103, 'login'),
	(800, '2020-02-06 20:27:04', 139, 'login'),
	(801, '2020-02-06 22:10:04', 116, 'login'),
	(802, '2020-02-07 07:24:21', 90, 'login'),
	(803, '2020-02-07 08:28:39', 238, 'login'),
	(804, '2020-02-07 08:29:24', 139, 'login'),
	(805, '2020-02-07 08:30:18', 130, 'login'),
	(806, '2020-02-07 08:30:59', 237, 'login'),
	(807, '2020-02-07 08:35:37', 165, 'login'),
	(808, '2020-02-07 08:45:47', 212, 'login'),
	(809, '2020-02-07 09:36:32', 63, 'login'),
	(810, '2020-02-07 09:58:25', 136, 'login'),
	(811, '2020-02-07 10:02:29', 36, 'login'),
	(812, '2020-02-07 10:11:31', 120, 'login'),
	(813, '2020-02-07 10:18:58', 17, 'login'),
	(814, '2020-02-07 10:24:44', 17, 'login'),
	(815, '2020-02-07 10:25:14', 237, 'login'),
	(816, '2020-02-07 10:49:19', 94, 'login'),
	(817, '2020-02-07 10:51:23', 11, 'login'),
	(818, '2020-02-07 10:51:59', 1, 'login'),
	(819, '2020-02-07 10:53:31', 144, 'login'),
	(820, '2020-02-07 12:18:50', 245, 'login'),
	(821, '2020-02-07 12:19:55', 36, 'login'),
	(822, '2020-02-07 13:56:02', 184, 'login'),
	(823, '2020-02-07 14:05:12', 90, 'login'),
	(824, '2020-02-07 14:34:12', 41, 'login'),
	(825, '2020-02-07 15:24:32', 11, 'login'),
	(826, '2020-02-07 15:55:45', 134, 'login'),
	(827, '2020-02-07 15:57:39', 212, 'login'),
	(828, '2020-02-07 16:07:05', 116, 'login'),
	(829, '2020-02-07 16:20:25', 120, 'login'),
	(830, '2020-02-07 16:20:46', 237, 'login'),
	(831, '2020-02-07 16:28:58', 139, 'login'),
	(832, '2020-02-07 18:04:40', 161, 'login'),
	(833, '2020-02-07 23:09:47', 116, 'login'),
	(834, '2020-02-08 08:04:57', 238, 'login'),
	(835, '2020-02-08 08:22:25', 63, 'login'),
	(836, '2020-02-08 09:19:22', 130, 'login'),
	(837, '2020-02-08 09:40:15', 212, 'login'),
	(838, '2020-02-08 10:09:25', 134, 'login'),
	(839, '2020-02-08 10:23:44', 63, 'login'),
	(840, '2020-02-08 10:33:54', 63, 'login'),
	(841, '2020-02-08 12:04:20', 203, 'login'),
	(842, '2020-02-09 09:54:58', 170, 'login'),
	(843, '2020-02-10 08:27:10', 140, 'login'),
	(844, '2020-02-10 08:50:47', 17, 'login'),
	(845, '2020-02-10 08:51:33', 11, 'login'),
	(846, '2020-02-10 08:51:57', 1, 'login'),
	(847, '2020-02-10 08:52:51', 17, 'login'),
	(848, '2020-02-10 08:58:58', 127, 'login'),
	(849, '2020-02-10 09:02:00', 134, 'login'),
	(850, '2020-02-10 09:03:58', 122, 'login'),
	(851, '2020-02-10 09:29:13', 63, 'login'),
	(852, '2020-02-10 12:21:57', 90, 'login'),
	(853, '2020-02-10 13:50:57', 159, 'login'),
	(854, '2020-02-10 16:29:17', 235, 'login'),
	(855, '2020-02-10 17:30:46', 144, 'login'),
	(856, '2020-02-10 17:49:31', 161, 'login'),
	(857, '2020-02-11 07:56:31', 90, 'login'),
	(858, '2020-02-11 08:11:34', 17, 'login'),
	(859, '2020-02-11 08:12:38', 11, 'login'),
	(860, '2020-02-11 08:14:12', 139, 'login'),
	(861, '2020-02-11 10:29:24', 144, 'login'),
	(862, '2020-02-11 12:07:23', 90, 'login'),
	(863, '2020-02-11 16:38:42', 88, 'login'),
	(864, '2020-02-11 18:02:17', 103, 'login'),
	(865, '2020-02-11 18:06:29', 103, 'login'),
	(866, '2020-02-11 19:43:05', 63, 'login'),
	(867, '2020-02-11 19:54:06', 161, 'login'),
	(868, '2020-02-12 08:39:14', 186, 'login'),
	(869, '2020-02-12 10:17:12', 130, 'login'),
	(870, '2020-02-12 10:18:58', 130, 'login'),
	(871, '2020-02-12 10:22:37', 144, 'login'),
	(872, '2020-02-12 10:26:55', 237, 'login'),
	(873, '2020-02-12 12:46:16', 170, 'login'),
	(874, '2020-02-12 12:47:01', 127, 'login'),
	(875, '2020-02-12 14:49:12', 127, 'login'),
	(876, '2020-02-12 14:58:11', 139, 'login'),
	(877, '2020-02-12 17:48:05', 243, 'login'),
	(878, '2020-02-13 06:52:35', 186, 'login'),
	(879, '2020-02-13 08:03:16', 238, 'login'),
	(880, '2020-02-13 08:19:39', 63, 'login'),
	(881, '2020-02-13 08:32:10', 238, 'login'),
	(882, '2020-02-13 09:24:30', 50, 'login'),
	(883, '2020-02-13 11:44:11', 127, 'login'),
	(884, '2020-02-13 13:02:31', 90, 'login'),
	(885, '2020-02-13 13:34:28', 134, 'login'),
	(886, '2020-02-13 15:51:45', 35, 'login'),
	(887, '2020-02-13 16:11:20', 186, 'login'),
	(888, '2020-02-13 17:21:30', 63, 'login'),
	(889, '2020-02-14 07:22:06', 103, 'login'),
	(890, '2020-02-14 08:09:03', 63, 'login'),
	(891, '2020-02-14 08:52:12', 63, 'login'),
	(892, '2020-02-14 09:52:36', 203, 'login'),
	(893, '2020-02-14 11:12:52', 103, 'login'),
	(894, '2020-02-14 15:39:39', 237, 'login'),
	(895, '2020-02-14 15:48:09', 1, 'login'),
	(896, '2020-02-14 15:48:23', 17, 'login'),
	(897, '2020-02-14 15:50:13', 1, 'login'),
	(898, '2020-02-14 17:07:52', 63, 'login'),
	(899, '2020-02-16 16:39:59', 170, 'login'),
	(900, '2020-02-16 21:13:33', 128, 'login'),
	(901, '2020-02-17 08:41:42', 203, 'login'),
	(902, '2020-02-17 11:35:35', 11, 'login'),
	(903, '2020-02-17 13:48:21', 234, 'login'),
	(904, '2020-02-17 13:49:25', 234, 'login'),
	(905, '2020-02-17 16:41:13', 170, 'login'),
	(906, '2020-02-17 17:39:55', 63, 'login'),
	(907, '2020-02-17 18:06:48', 170, 'login'),
	(908, '2020-02-18 07:16:54', 103, 'login'),
	(909, '2020-02-18 08:39:15', 63, 'login'),
	(910, '2020-02-18 08:47:08', 63, 'login'),
	(911, '2020-02-18 08:48:44', 161, 'login'),
	(912, '2020-02-18 09:38:49', 165, 'login'),
	(913, '2020-02-18 14:35:32', 116, 'login'),
	(914, '2020-02-18 17:20:19', 63, 'login'),
	(915, '2020-02-18 17:33:01', 32, 'login'),
	(916, '2020-02-18 18:09:12', 161, 'login'),
	(917, '2020-02-19 08:11:05', 137, 'login'),
	(918, '2020-02-19 13:06:03', 116, 'login'),
	(919, '2020-02-19 13:22:30', 237, 'login'),
	(920, '2020-02-19 14:16:17', 139, 'login'),
	(921, '2020-02-19 16:33:26', 238, 'login'),
	(922, '2020-02-19 16:36:54', 237, 'login'),
	(923, '2020-02-19 17:22:11', 63, 'login'),
	(924, '2020-02-19 17:42:39', 116, 'login'),
	(925, '2020-02-19 22:31:40', 116, 'login'),
	(926, '2020-02-20 07:56:29', 186, 'login'),
	(927, '2020-02-20 11:56:35', 161, 'login'),
	(928, '2020-02-20 13:03:34', 116, 'login'),
	(929, '2020-02-20 15:57:17', 63, 'login'),
	(930, '2020-02-20 16:14:28', 186, 'login'),
	(931, '2020-02-21 08:27:52', 63, 'login'),
	(932, '2020-02-21 08:56:47', 161, 'login'),
	(933, '2020-02-21 19:18:55', 116, 'login'),
	(934, '2020-02-22 08:09:08', 63, 'login'),
	(935, '2020-02-22 09:14:31', 161, 'login'),
	(936, '2020-02-22 10:33:29', 211, 'login'),
	(937, '2020-02-22 10:38:56', 211, 'login'),
	(938, '2020-02-23 22:35:13', 116, 'login'),
	(939, '2020-02-24 09:19:29', 161, 'login'),
	(940, '2020-02-24 09:24:32', 137, 'login'),
	(941, '2020-02-24 17:36:16', 63, 'login'),
	(942, '2020-02-26 08:30:18', 11, 'login'),
	(943, '2020-02-26 08:32:20', 140, 'login'),
	(944, '2020-02-26 08:32:27', 140, 'login'),
	(945, '2020-02-26 08:32:46', 11, 'login'),
	(946, '2020-02-26 09:59:03', 63, 'login'),
	(947, '2020-02-26 11:10:57', 11, 'login'),
	(948, '2020-02-26 11:43:49', 238, 'login'),
	(949, '2020-02-26 14:58:05', 237, 'login'),
	(950, '2020-02-26 16:21:03', 63, 'login'),
	(951, '2020-02-26 18:27:58', 17, 'login'),
	(952, '2020-02-27 07:22:59', 130, 'login'),
	(953, '2020-02-27 08:17:14', 116, 'login'),
	(954, '2020-02-27 08:32:06', 238, 'login'),
	(955, '2020-02-27 08:32:51', 238, 'login'),
	(956, '2020-02-27 08:33:18', 237, 'login'),
	(957, '2020-02-27 09:01:14', 120, 'login'),
	(958, '2020-02-27 09:32:06', 161, 'login'),
	(959, '2020-02-27 13:24:31', 238, 'login'),
	(960, '2020-02-27 14:50:54', 49, 'login'),
	(961, '2020-02-27 14:57:31', 49, 'login'),
	(962, '2020-02-27 15:07:17', 130, 'login'),
	(963, '2020-02-27 16:30:59', 238, 'login'),
	(964, '2020-02-27 16:32:00', 139, 'login'),
	(965, '2020-02-27 16:49:38', 140, 'login'),
	(966, '2020-02-27 17:07:17', 139, 'login'),
	(967, '2020-02-27 17:31:52', 63, 'login'),
	(968, '2020-02-28 08:15:50', 11, 'login'),
	(969, '2020-02-28 08:30:28', 161, 'login'),
	(970, '2020-02-28 15:29:06', 238, 'login'),
	(971, '2020-02-28 16:10:35', 139, 'login'),
	(972, '2020-02-29 05:33:30', 237, 'login'),
	(973, '2020-02-29 07:45:05', 139, 'login'),
	(974, '2020-02-29 09:55:33', 130, 'login'),
	(975, '2020-02-29 11:50:25', 238, 'login'),
	(976, '2020-03-02 09:07:23', 63, 'login'),
	(977, '2020-03-02 09:14:04', 17, 'login'),
	(978, '2020-03-02 09:55:14', 11, 'login'),
	(979, '2020-03-02 10:06:24', 1, 'login'),
	(980, '2020-03-02 11:03:50', 139, 'login'),
	(981, '2020-03-02 11:14:12', 11, 'login'),
	(982, '2020-03-02 11:30:00', 11, 'login'),
	(983, '2020-03-02 13:50:25', 244, 'login'),
	(984, '2020-03-02 13:50:41', 11, 'login'),
	(985, '2020-03-02 13:51:39', 244, 'login'),
	(986, '2020-03-02 13:51:43', 120, 'login'),
	(987, '2020-03-02 14:23:40', 244, 'login'),
	(988, '2020-03-02 14:40:49', 181, 'login'),
	(989, '2020-03-02 14:41:26', 17, 'login'),
	(990, '2020-03-02 14:42:00', 181, 'login');
/*!40000 ALTER TABLE `login_log` ENABLE KEYS */;

-- Dumping structure for table u5487321_partner.maintain_partners
CREATE TABLE IF NOT EXISTS `maintain_partners` (
  `id_maintain` int(11) NOT NULL AUTO_INCREMENT,
  `date_maintain` datetime DEFAULT NULL,
  `photo_activity` varchar(255) DEFAULT NULL,
  `jenis_kegiatan` varchar(255) DEFAULT NULL,
  `catatan` text DEFAULT NULL,
  `created_at` datetime DEFAULT NULL,
  `updated_at` datetime DEFAULT NULL,
  `id_partner` int(11) DEFAULT NULL,
  PRIMARY KEY (`id_maintain`),
  KEY `id_partner` (`id_partner`),
  CONSTRAINT `maintain_partners_ibfk_1` FOREIGN KEY (`id_partner`) REFERENCES `partners` (`id_partner`)
) ENGINE=InnoDB AUTO_INCREMENT=23 DEFAULT CHARSET=latin1 COMMENT='Tabel Partner Maintain';

-- Dumping data for table u5487321_partner.maintain_partners: ~0 rows (approximately)
/*!40000 ALTER TABLE `maintain_partners` DISABLE KEYS */;
INSERT INTO `maintain_partners` (`id_maintain`, `date_maintain`, `photo_activity`, `jenis_kegiatan`, `catatan`, `created_at`, `updated_at`, `id_partner`) VALUES
	(20, '2020-02-03 11:23:41', NULL, 'Pilih Jenis Kegiatan', '', '2020-02-03 11:23:41', '2020-02-03 11:23:41', 69),
	(21, '2020-02-03 17:22:17', NULL, 'Pilih Jenis Kegiatan', '', '2020-02-03 17:22:17', '2020-02-03 17:22:17', 69),
	(22, '2020-02-04 09:43:22', 'selfie.jpeg', 'Follow Up Leads', '', '2020-02-04 09:43:22', '2020-02-04 09:43:22', 75);
/*!40000 ALTER TABLE `maintain_partners` ENABLE KEYS */;

-- Dumping structure for table u5487321_partner.mapping_leads
CREATE TABLE IF NOT EXISTS `mapping_leads` (
  `id_mapping_leads` int(11) NOT NULL AUTO_INCREMENT,
  `nama_konsumen` varchar(255) DEFAULT NULL,
  `telepon` varchar(255) DEFAULT NULL,
  `soa` varchar(255) DEFAULT NULL,
  `produk` varchar(255) DEFAULT NULL,
  `detail_produk` text DEFAULT NULL,
  `nama_event` varchar(255) DEFAULT NULL COMMENT 'Nama Event wajib diisi jika SOA event dipilih',
  `nama_partner` varchar(255) DEFAULT NULL COMMENT 'Nama Partner',
  `nama_agent` varchar(255) DEFAULT NULL COMMENT 'Nama Agent',
  `created_at` datetime DEFAULT NULL,
  `updated_at` datetime DEFAULT NULL,
  `id_branch` int(3) DEFAULT NULL,
  `id_user` int(3) DEFAULT NULL,
  `id_mapping` int(11) DEFAULT NULL COMMENT 'ID Mapping Partner',
  `id_agent` int(11) DEFAULT NULL,
  `nik_egc` varchar(10) DEFAULT NULL COMMENT 'Khusus SOA EGC',
  `posisi_egc` varchar(255) DEFAULT NULL COMMENT 'Khusus SOA EGC',
  `cabang_egc` varchar(255) DEFAULT NULL COMMENT 'Khusus SOA EGC',
  `nomor_kontrak` varchar(255) DEFAULT NULL COMMENT 'Khusus SOA CGC & RO',
  `referral_konsumen` varchar(255) DEFAULT NULL COMMENT 'Nama Konsumen CGC & RO',
  `foto_usaha` varchar(255) DEFAULT NULL COMMENT 'Form Upload File',
  PRIMARY KEY (`id_mapping_leads`),
  KEY `id_branch` (`id_branch`),
  KEY `id_user` (`id_user`),
  KEY `id_partner` (`id_mapping`),
  KEY `id_agent` (`id_agent`),
  CONSTRAINT `mapping_leads_ibfk_1` FOREIGN KEY (`id_branch`) REFERENCES `branches` (`id_branch`) ON DELETE NO ACTION ON UPDATE NO ACTION,
  CONSTRAINT `mapping_leads_ibfk_2` FOREIGN KEY (`id_user`) REFERENCES `users` (`id_user`) ON DELETE NO ACTION ON UPDATE NO ACTION,
  CONSTRAINT `mapping_leads_ibfk_4` FOREIGN KEY (`id_agent`) REFERENCES `agents` (`id_agent`) ON DELETE NO ACTION ON UPDATE NO ACTION
) ENGINE=InnoDB AUTO_INCREMENT=237 DEFAULT CHARSET=latin1 COMMENT='Tabel Leads Database';

-- Dumping data for table u5487321_partner.mapping_leads: ~132 rows (approximately)
/*!40000 ALTER TABLE `mapping_leads` DISABLE KEYS */;
INSERT INTO `mapping_leads` (`id_mapping_leads`, `nama_konsumen`, `telepon`, `soa`, `produk`, `detail_produk`, `nama_event`, `nama_partner`, `nama_agent`, `created_at`, `updated_at`, `id_branch`, `id_user`, `id_mapping`, `id_agent`, `nik_egc`, `posisi_egc`, `cabang_egc`, `nomor_kontrak`, `referral_konsumen`, `foto_usaha`) VALUES
	(61, 'Eko Supriatman', '089828302802', 'Direct Selling', 'My CarS', 'Mobil ku', NULL, 'CV Perseketuan Komanditer', NULL, '2020-01-16 14:51:42', '2020-01-16 16:16:01', 7, 164, 37, NULL, NULL, NULL, NULL, NULL, NULL, NULL),
	(65, 'bambank', '089828302802', 'CGC', 'My Hajat', 'Mobil ku', NULL, 'CV Perseketuan Komanditer', NULL, '2020-01-16 16:11:13', '2020-01-16 16:11:13', 7, 164, 37, NULL, NULL, NULL, NULL, '3213213', 'ibera', NULL),
	(67, 'bambank', '089828302802', 'CGC', 'My Safar', 'Mobil ku', NULL, 'CV Perseketuan Komanditer', NULL, '2020-01-16 16:15:22', '2020-01-16 16:15:22', 7, 164, 37, NULL, NULL, NULL, NULL, '3213213', 'ibera', NULL),
	(68, 'Muhammad Rashford', '085698765874', 'Walk In', 'My CarS', 'Ferarri', NULL, 'CV Perseketuan Komanditer', NULL, '2020-01-17 11:15:26', '2020-01-24 10:01:48', 7, 11, 37, NULL, NULL, NULL, NULL, NULL, NULL, NULL),
	(69, 'Indra Rukmana', '089827812123', 'Tour & travel', 'My Ihram', 'Paket Umroh + Al-Aqsa', NULL, 'CV Perseketuan Komanditer', NULL, '2020-01-17 14:45:20', '2020-01-17 14:45:20', 7, 164, 37, NULL, NULL, NULL, NULL, NULL, NULL, NULL),
	(70, 'John Patricia', '0812100000000', 'Direct Selling', 'My Faedah', 'barang modal', NULL, 'CV Perseketuan Komanditer', NULL, '2020-01-17 16:15:23', '2020-01-24 10:02:18', 7, 11, 37, NULL, NULL, NULL, NULL, NULL, NULL, NULL),
	(71, 'Ahmad Martial', '082532165487', 'Tour & travel', 'My Ihram', 'Berangkat 1 Februari', NULL, 'CV Perseketuan Komanditer', NULL, '2020-01-17 16:15:56', '2020-01-24 10:01:27', 7, 11, 37, NULL, NULL, NULL, NULL, NULL, NULL, NULL),
	(72, 'Haryadi', '085329666333', 'Tour & travel', 'My Ihram', 'Paket Abhinaya Quad', NULL, 'CV Perseketuan Komanditer', NULL, '2020-01-17 16:16:10', '2020-01-24 10:20:54', 7, 11, 37, NULL, NULL, NULL, NULL, NULL, NULL, NULL),
	(73, 'Mantap Sip', '081234521111', 'Direct Selling', 'My Ihram', 'Umroh', NULL, 'CV Perseketuan Komanditer', NULL, '2020-01-17 16:25:20', '2020-01-17 16:25:20', 7, 11, 37, NULL, NULL, NULL, NULL, NULL, NULL, NULL),
	(74, NULL, NULL, NULL, NULL, NULL, NULL, NULL, NULL, '2020-01-27 09:08:24', '2020-01-27 09:08:44', 36, 84, NULL, NULL, NULL, NULL, NULL, NULL, NULL, NULL),
	(75, 'Leni Kurniawati', '087719941666', 'Tour & travel', 'My Ihram', 'Umroh 9 Hari Reguler', NULL, NULL, NULL, '2020-01-28 09:03:50', '2020-01-28 09:03:50', 20, 67, NULL, NULL, NULL, NULL, NULL, NULL, NULL, NULL),
	(76, 'Yaman', '081213670949', 'Direct Selling', 'My Ihram', 'Umrah', NULL, 'PT WISATA HATI', NULL, '2020-01-28 17:57:54', '2020-01-28 17:57:54', 26, 161, 52, NULL, NULL, NULL, NULL, NULL, NULL, NULL),
	(77, 'ganjar widati', '083894526250', 'Direct Selling', 'My Ihram', 'Umrah', NULL, 'PT WISATA HATI', NULL, '2020-01-28 17:59:03', '2020-01-28 17:59:03', 26, 161, 52, NULL, NULL, NULL, NULL, NULL, NULL, NULL),
	(78, 'Eliah', '085211504783', 'Direct Selling', 'My Ihram', 'Umrah', NULL, 'PT WISATA HATI', NULL, '2020-01-28 17:59:55', '2020-01-28 17:59:55', 26, 161, 52, NULL, NULL, NULL, NULL, NULL, NULL, NULL),
	(79, 'yayuk', '085773346212', 'Direct Selling', 'My Ihram', 'Umrah', NULL, 'PT WISATA HATI', NULL, '2020-01-28 18:00:28', '2020-01-28 18:00:28', 26, 161, 52, NULL, NULL, NULL, NULL, NULL, NULL, NULL),
	(80, 'mariyatul kibtiyah', '081299037281', 'Direct Selling', 'My Ihram', 'Umrah', NULL, 'PT WISATA HATI', NULL, '2020-01-28 18:01:11', '2020-01-28 18:01:11', 26, 161, 52, NULL, NULL, NULL, NULL, NULL, NULL, NULL),
	(81, 'ibu marlini', '081383637996', 'Direct Selling', 'My Ihram', 'Umrah', NULL, 'PT WISATA HATI', NULL, '2020-01-29 17:35:33', '2020-01-29 17:35:33', 26, 161, 52, NULL, NULL, NULL, NULL, NULL, NULL, NULL),
	(82, 'ibu iis', '083877277188', 'Direct Selling', 'My Ihram', 'Umrah', NULL, 'PT WISATA HATI', NULL, '2020-01-29 17:36:21', '2020-01-29 17:36:21', 26, 161, 52, NULL, NULL, NULL, NULL, NULL, NULL, NULL),
	(83, 'ibu fatimah', '082113388562', 'Digital Marketing', 'My Ihram', 'Umrah', NULL, 'PT WISATA HATI', NULL, '2020-01-29 17:37:21', '2020-01-29 17:37:21', 26, 161, 52, NULL, NULL, NULL, NULL, NULL, NULL, NULL),
	(84, 'bu elvi', '087886265693', 'Digital Marketing', 'My Ihram', 'Umrah', NULL, NULL, NULL, '2020-01-29 17:38:34', '2020-01-29 17:38:34', 26, 161, NULL, NULL, NULL, NULL, NULL, NULL, NULL, NULL),
	(85, NULL, NULL, NULL, NULL, NULL, NULL, NULL, NULL, '2020-01-30 09:25:18', '2020-01-30 09:25:18', 17, 125, NULL, NULL, NULL, NULL, NULL, NULL, NULL, NULL),
	(86, 'Rahmat Ujang', '081265498754', 'Tour & travel', 'My Ihram', 'Paket Abhinaya', NULL, 'PT Aria Dahlan', NULL, '2020-01-30 09:32:07', '2020-01-30 09:32:07', 46, 11, 42, NULL, NULL, NULL, NULL, NULL, NULL, NULL),
	(87, NULL, NULL, 'Tour & travel', 'My Ihram', NULL, NULL, NULL, NULL, '2020-02-02 00:27:02', '2020-02-02 00:27:02', 22, 165, NULL, NULL, NULL, NULL, NULL, NULL, NULL, NULL),
	(88, NULL, NULL, NULL, NULL, NULL, NULL, NULL, NULL, '2020-02-02 00:27:17', '2020-02-02 00:27:17', 22, 165, NULL, NULL, NULL, NULL, NULL, NULL, NULL, NULL),
	(89, 'H. Idrus', '081297944044', 'Penyedia Jasa', 'My Faedah', 'Material Bangunan', NULL, 'UD Aneka Griya', NULL, '2020-02-02 02:14:03', '2020-02-02 08:00:55', 34, 90, 78, NULL, NULL, NULL, NULL, NULL, NULL, NULL),
	(90, 'Asmad Affandi', '085782674405', 'EGC', 'My Hajat', 'pernikahan', NULL, 'sanggar rias sasha', NULL, '2020-02-03 10:59:45', '2020-02-05 11:17:24', 26, 63, 71, NULL, '077337', 'Customer service', 'meruya', NULL, NULL, NULL),
	(91, 'Hendri', '0811557384', 'Digital Marketing', 'My Faedah', 'Bahan Bangunan', NULL, 'UD Aneka Griya', NULL, '2020-02-03 16:42:32', '2020-02-03 16:42:32', 34, 90, 78, NULL, NULL, NULL, NULL, NULL, NULL, NULL),
	(92, 'eni', '081215064850', 'Direct Selling', 'My Faedah', 'material', NULL, 'TB ABADI JAYA JOGLO', NULL, '2020-02-03 17:45:25', '2020-02-03 17:45:25', 26, 63, 93, NULL, NULL, NULL, NULL, NULL, NULL, NULL),
	(93, 'resha', '081369775123', 'Penyedia Jasa', 'My Hajat', 'pernikahan', NULL, 'netty salon & modiste', NULL, '2020-02-03 17:55:05', '2020-02-03 17:55:05', 26, 63, 96, NULL, NULL, NULL, NULL, NULL, NULL, NULL),
	(94, 'pak zaenal', '085779743791', 'Direct Selling', 'My Hajat', 'umrah', NULL, 'PT WISATA HATI', NULL, '2020-02-03 18:17:28', '2020-02-03 18:17:28', 26, 161, 52, NULL, NULL, NULL, NULL, NULL, NULL, NULL),
	(95, 'SUHARDA ', '085236225673', 'Digital Marketing', 'My Faedah', 'BAHAN BANGUNAN ', NULL, NULL, NULL, '2020-02-03 22:10:24', '2020-02-03 22:10:24', 19, 116, NULL, NULL, NULL, NULL, NULL, NULL, NULL, NULL),
	(96, 'Anna', '085709836246', 'Penyedia Jasa', 'My Hajat', 'Pernikahan', NULL, 'Jegeg Bridal', NULL, '2020-02-03 22:53:27', '2020-02-03 22:53:27', 40, 207, NULL, NULL, NULL, NULL, NULL, NULL, NULL, NULL),
	(97, 'Cesiera', '081288713788', 'Penyedia Jasa', 'My Faedah', 'Pernikahan', NULL, 'Sarana Hajat Cipta WO', NULL, '2020-02-03 22:58:06', '2020-02-03 22:58:06', 40, 207, NULL, NULL, NULL, NULL, NULL, NULL, NULL, NULL),
	(98, 'Eva', '081514298092', 'Penyedia Jasa', 'My Faedah', 'Pernikahan', NULL, 'Tiga Dara WO', NULL, '2020-02-03 22:59:29', '2020-02-03 22:59:29', 40, 207, NULL, NULL, NULL, NULL, NULL, NULL, NULL, NULL),
	(99, 'Fajar', '085794448902', 'Penyedia Jasa', 'My Faedah', 'Pernikahan', NULL, 'Tiga Dara WO', NULL, '2020-02-03 23:00:41', '2020-02-03 23:00:41', 40, 207, NULL, NULL, NULL, NULL, NULL, NULL, NULL, NULL),
	(100, 'Fatia', '085779687018', 'Penyedia Jasa', 'My Ihram', 'Pernikahan', NULL, 'Tiga Dara WO', NULL, '2020-02-03 23:01:47', '2020-02-03 23:01:47', 40, 207, NULL, NULL, NULL, NULL, NULL, NULL, NULL, NULL),
	(101, 'Iin', '081380370134', 'Direct Selling', 'My Hajat', 'Renovasi Rumah', NULL, 'PT. Bona Pasogit Jaya', NULL, '2020-02-03 23:05:20', '2020-02-03 23:05:20', 40, 207, NULL, NULL, NULL, NULL, NULL, NULL, NULL, NULL),
	(102, 'Rukiyah', '085695324051', 'Agent BA', 'My Ihram', 'Aryati Umrah 13 Hari By Srilankan - Quad', NULL, 'Alindra Mutiara Hati Travel', 'Fiki Ekowati', '2020-02-03 23:13:34', '2020-02-03 23:13:34', 40, 207, NULL, NULL, NULL, NULL, NULL, NULL, NULL, NULL),
	(103, 'Nafiatul Amalia', '081329469469', 'Agent BA', 'My Hajat', 'Renovasi Rumah Jasa Tukang', NULL, 'Musyafak', 'Darmanto', '2020-02-04 09:00:40', '2020-02-04 09:51:00', 20, 67, 105, 35, NULL, NULL, NULL, NULL, NULL, NULL),
	(104, 'abdul rohim', '081211405791', 'Direct Selling', 'My Faedah', 'my faedah', NULL, 'netty salon & modiste', NULL, '2020-02-04 09:02:59', '2020-02-04 09:02:59', 26, 63, 96, NULL, NULL, NULL, NULL, NULL, NULL, NULL),
	(105, 'panca', '0895333461151', 'Direct Selling', 'My Ihram', 'jasa', NULL, 'PT. Ahsan Mandiri Utama', NULL, '2020-02-04 09:33:23', '2020-02-04 09:33:23', 26, 63, 103, NULL, NULL, NULL, NULL, NULL, NULL, NULL),
	(106, 'dewi pradita', '085695627270', 'Direct Selling', 'My Ihram', 'umrah', NULL, 'PT. Ahsan Mandiri Utama', NULL, '2020-02-04 09:34:20', '2020-02-04 09:34:20', 26, 63, 103, NULL, NULL, NULL, NULL, NULL, NULL, NULL),
	(107, 'rachmi anggita', '081513006372', 'Direct Selling', 'My Ihram', 'umrah', NULL, 'PT. Ahsan Mandiri Utama', NULL, '2020-02-04 09:35:24', '2020-02-04 09:35:24', 26, 63, 103, NULL, NULL, NULL, NULL, NULL, NULL, NULL),
	(108, 'miftah', '081385968015', 'Direct Selling', 'My Hajat', 'pernikahgan', NULL, 'netty salon & modiste', NULL, '2020-02-04 09:36:10', '2020-02-04 09:36:10', 26, 63, 96, NULL, NULL, NULL, NULL, NULL, NULL, NULL),
	(109, 'AINUNZAKI', '085397407809', 'Direct Selling', 'My Faedah', 'BARANG ELEKTRONIK', NULL, 'MULTI MEDIA MANDIRI CV', NULL, '2020-02-04 13:23:30', '2020-02-04 13:23:30', 19, 212, 86, NULL, NULL, NULL, NULL, NULL, NULL, NULL),
	(110, 'IKHO WULANDARI TALIB', '085255214551', 'Direct Selling', 'My Faedah', 'BARANG ELEKTRONIK HP XIOMI BLACK SHARK', NULL, 'MULTI MEDIA MANDIRI CV', NULL, '2020-02-04 13:25:44', '2020-02-04 15:03:22', 19, 212, 86, NULL, NULL, NULL, NULL, NULL, NULL, NULL),
	(111, 'MAS PUTRI INTAN', '085241601570', 'EGC', 'My Talim', 'pembiayaan sekolah', NULL, 'LAS SURYA ANUGRAH', NULL, '2020-02-04 16:47:00', '2020-02-04 16:47:00', 19, 103, 106, NULL, '006356', 'Branch NDF Car Head', 'Kendari', NULL, NULL, NULL),
	(112, 'SUCI SHAUMIANINGTYAS', '082136460930', 'Walk In', 'My Talim', 'UANG MASUK MADRASAH MUALLIMIN MUHAMMADIYAH', NULL, 'madrasah muallimin muhammadiyah yogyakarta', NULL, '2020-02-04 17:00:21', '2020-02-04 17:11:31', 45, 94, 107, NULL, NULL, NULL, NULL, NULL, NULL, NULL),
	(113, 'ibu iis', '08128154085', 'Direct Selling', 'My Ihram', 'umrah', NULL, 'PT WISATA HATI', NULL, '2020-02-04 17:27:27', '2020-02-04 17:27:27', 26, 161, 52, NULL, NULL, NULL, NULL, NULL, NULL, NULL),
	(114, 'hj nani', '08561055580', 'Direct Selling', 'My Ihram', 'umrah', NULL, 'PT WISATA HATI', NULL, '2020-02-04 17:28:15', '2020-02-04 17:28:15', 26, 161, 52, NULL, NULL, NULL, NULL, NULL, NULL, NULL),
	(115, 'ibu yumani', '087887204491', 'Direct Selling', 'My Ihram', 'umrah', NULL, 'PT WISATA HATI', NULL, '2020-02-04 17:29:11', '2020-02-04 17:29:11', 26, 161, 52, NULL, NULL, NULL, NULL, NULL, NULL, NULL),
	(116, 'ibu hj dewi', '08561694375', 'Direct Selling', 'My Ihram', 'umrah', NULL, 'PT WISATA HATI', NULL, '2020-02-04 17:29:52', '2020-02-04 17:29:52', 26, 161, 52, NULL, NULL, NULL, NULL, NULL, NULL, NULL),
	(117, 'ibu hj yowana', '089682798767', 'Direct Selling', 'My Ihram', 'umrah', NULL, 'PT WISATA HATI', NULL, '2020-02-04 17:30:32', '2020-02-04 17:30:32', 26, 161, 52, NULL, NULL, NULL, NULL, NULL, NULL, NULL),
	(118, 'hj zaitun', '081382308189', 'Direct Selling', 'My Ihram', 'umrah', NULL, 'PT WISATA HATI', NULL, '2020-02-04 17:31:08', '2020-02-04 17:31:08', 26, 161, 52, NULL, NULL, NULL, NULL, NULL, NULL, NULL),
	(119, 'ibu tartini', '082111148639', 'Direct Selling', 'My Ihram', 'umrah', NULL, 'PT WISATA HATI', NULL, '2020-02-04 17:31:47', '2020-02-04 17:31:47', 26, 161, 52, NULL, NULL, NULL, NULL, NULL, NULL, NULL),
	(120, 'ibu astuti', '081519230256', 'Direct Selling', 'My Ihram', 'my faedah', NULL, 'PT WISATA HATI', NULL, '2020-02-04 17:32:21', '2020-02-04 17:32:21', 26, 161, 52, NULL, NULL, NULL, NULL, NULL, NULL, NULL),
	(121, 'BAYU PERMANA', '085643883477', 'Direct Selling', 'My Hajat', 'pernikahan', NULL, 'netty salon & modiste', NULL, '2020-02-04 17:42:45', '2020-02-04 17:42:45', 26, 63, 96, NULL, NULL, NULL, NULL, NULL, NULL, NULL),
	(122, 'CANDRA', '085894268200', 'Direct Selling', 'My Ihram', 'umrah', NULL, 'PT. Ahsan Mandiri Utama', NULL, '2020-02-04 17:45:00', '2020-02-04 17:45:00', 26, 63, 103, NULL, NULL, NULL, NULL, NULL, NULL, NULL),
	(123, 'SITI MUNIROH', '0785710241299', 'Direct Selling', 'My Ihram', 'jasa', NULL, 'PT. Ahsan Mandiri Utama', NULL, '2020-02-04 17:45:47', '2020-02-04 17:45:47', 26, 63, 103, NULL, NULL, NULL, NULL, NULL, NULL, NULL),
	(124, 'RISKI HAMDANI', '081261039132', 'Direct Selling', 'My Hajat', 'pernikahan', NULL, 'netty salon & modiste', NULL, '2020-02-04 17:46:59', '2020-02-04 17:46:59', 26, 63, 96, NULL, NULL, NULL, NULL, NULL, NULL, NULL),
	(125, 'NITA NURMANI', '089603016516', 'Direct Selling', 'My Hajat', 'PERNIKAHAN', NULL, 'netty salon & modiste', NULL, '2020-02-04 17:48:12', '2020-02-04 17:48:12', 26, 63, 96, NULL, NULL, NULL, NULL, NULL, NULL, NULL),
	(126, 'PARMI SUMIYATI', '087774616825', 'Direct Selling', 'My Ihram', 'jasa', NULL, 'PT. Ahsan Mandiri Utama', NULL, '2020-02-04 17:50:12', '2020-02-04 17:50:12', 26, 63, 103, NULL, NULL, NULL, NULL, NULL, NULL, NULL),
	(127, 'MUHAMAD RAMLI', '082398021868', 'Digital Marketing', 'My Hajat', 'SEWA RUKO', NULL, 'ABRAR HAJI', NULL, '2020-02-05 07:50:38', '2020-02-05 08:03:07', 3, 186, 115, NULL, NULL, NULL, NULL, NULL, NULL, NULL),
	(128, 'YELBY TOLOLIU', '082199338798', 'Digital Marketing', 'My Faedah', 'MATERIAL', NULL, 'DEPO MAKMUR', NULL, '2020-02-05 09:36:26', '2020-02-05 09:36:26', 38, 36, 120, NULL, NULL, NULL, NULL, NULL, NULL, NULL),
	(129, 'MINTU', '081247406858', 'Walk In', 'My Faedah', 'MATERIAL BANGUNAN', NULL, 'DEPO MAKMUR', NULL, '2020-02-05 09:38:48', '2020-02-05 09:38:48', 38, 36, 120, NULL, NULL, NULL, NULL, NULL, NULL, NULL),
	(130, 'LILIK JUNAIDI', '081396473459', 'Digital Marketing', 'My Ihram', 'UMROH SUAMI ISTERI', NULL, NULL, NULL, '2020-02-05 10:27:37', '2020-02-05 10:27:37', 25, 241, NULL, NULL, NULL, NULL, NULL, NULL, NULL, NULL),
	(131, 'EFF', '083183951874', 'Digital Marketing', 'My Ihram', 'UMROH', NULL, NULL, NULL, '2020-02-05 10:29:31', '2020-02-05 10:29:31', 25, 241, NULL, NULL, NULL, NULL, NULL, NULL, NULL, NULL),
	(132, 'R PILIANG', '08126435368', 'Digital Marketing', 'My Ihram', 'UMROH', NULL, NULL, NULL, '2020-02-05 10:30:19', '2020-02-05 10:30:19', 25, 241, NULL, NULL, NULL, NULL, NULL, NULL, NULL, NULL),
	(133, 'MAYANTI', '085370104253', 'Digital Marketing', 'My Ihram', 'UMROH ', NULL, NULL, NULL, '2020-02-05 10:31:03', '2020-02-05 10:31:03', 25, 241, NULL, NULL, NULL, NULL, NULL, NULL, NULL, NULL),
	(134, 'Rai Ade', '089575484815', 'Digital Marketing', 'My Safar', 'Paket Turki', NULL, 'CV Radio Dalam', NULL, '2020-02-05 15:11:14', '2020-02-05 15:12:07', 46, 234, NULL, NULL, NULL, NULL, NULL, NULL, NULL, NULL),
	(135, 'pak muhammad', '085362922286', 'Direct Selling', 'My Faedah', 'Umrah', NULL, 'PT WISATA HATI', NULL, '2020-02-05 17:17:08', '2020-02-05 17:17:08', 26, 161, 52, NULL, NULL, NULL, NULL, NULL, NULL, NULL),
	(136, 'ektri agustin', '085691662238', 'Direct Selling', 'My Ihram', 'Umrah', NULL, 'PT BAITULLOH KOTA INTAN WISATA', NULL, '2020-02-05 17:25:27', '2020-02-05 17:25:27', 26, 63, 138, NULL, NULL, NULL, NULL, NULL, NULL, NULL),
	(137, 'syahrul', '089670737073', 'Direct Selling', 'My Ihram', 'Umrah', NULL, 'PT. Ahsan Mandiri Utama', NULL, '2020-02-05 17:26:15', '2020-02-05 17:26:15', 26, 63, 103, NULL, NULL, NULL, NULL, NULL, NULL, NULL),
	(138, 'samsir irawan', '08176042891', 'Direct Selling', 'My Hajat', 'pendidikan', NULL, 'netty salon & modiste', NULL, '2020-02-05 17:27:13', '2020-02-05 17:27:13', 26, 63, 96, NULL, NULL, NULL, NULL, NULL, NULL, NULL),
	(139, 'lilih ', '081212426422', 'Direct Selling', 'My Ihram', 'Umrah', NULL, 'PT BAITULLOH KOTA INTAN WISATA', NULL, '2020-02-05 17:27:44', '2020-02-05 17:27:44', 26, 63, 138, NULL, NULL, NULL, NULL, NULL, NULL, NULL),
	(140, 'edi prasta', '081219251114', 'Direct Selling', 'My Faedah', 'renovasi', NULL, 'TB ABADI JAYA JOGLO', NULL, '2020-02-05 17:28:23', '2020-02-05 17:28:23', 26, 63, 93, NULL, NULL, NULL, NULL, NULL, NULL, NULL),
	(141, 'evawani elisa', '085781315394', 'Direct Selling', 'My Ihram', 'Umrah', NULL, 'PT. Ahsan Mandiri Utama', NULL, '2020-02-05 17:29:04', '2020-02-05 17:29:04', 26, 63, 103, NULL, NULL, NULL, NULL, NULL, NULL, NULL),
	(142, 'NUR ', '083847339681', 'Direct Selling', 'My Hajat', 'PERNIKAHAN', NULL, 'netty salon & modiste', NULL, '2020-02-05 17:29:36', '2020-02-05 17:29:36', 26, 63, 96, NULL, NULL, NULL, NULL, NULL, NULL, NULL),
	(143, 'irma', '08568870570', 'Direct Selling', 'My Ihram', 'Umrah', NULL, 'PT BAITULLOH KOTA INTAN WISATA', NULL, '2020-02-05 17:30:03', '2020-02-05 17:30:03', 26, 63, 138, NULL, NULL, NULL, NULL, NULL, NULL, NULL),
	(144, 'LISNAHYATI', '08158720402', 'Direct Selling', 'My Ihram', 'Umrah', NULL, 'PT. Ahsan Mandiri Utama', NULL, '2020-02-05 17:30:31', '2020-02-05 17:30:31', 26, 63, 103, NULL, NULL, NULL, NULL, NULL, NULL, NULL),
	(145, 'Udi syahril', '085368656004', 'Agent BA', 'My Ihram', 'UMROH BAROKAH FEBRUARI', NULL, 'PT. Marco Tour Travel', 'Sukiyanto pangestu', '2020-02-06 09:14:11', '2020-02-19 08:12:37', 30, 137, 142, 37, NULL, NULL, NULL, NULL, NULL, NULL),
	(146, 'winto', '085269892627', 'Direct Selling', 'My Faedah', 'Mesin Fotocopy', NULL, NULL, NULL, '2020-02-06 09:16:38', '2020-02-06 09:16:38', 30, 144, NULL, NULL, NULL, NULL, NULL, NULL, NULL, NULL),
	(147, 'yuristian', '083803784241', 'Agent BA', 'My Ihram', 'umroh', NULL, 'PT.Taqwa Cahaya Semesta', 'Nurmala Dewi', '2020-02-06 09:25:31', '2020-02-06 09:25:31', 30, 135, 144, NULL, NULL, NULL, NULL, NULL, NULL, NULL),
	(148, 'dalilah', '08127879605', 'Agent BA', 'My Ihram', 'umroh ', NULL, NULL, NULL, '2020-02-06 09:26:51', '2020-02-06 09:26:51', 30, 144, NULL, NULL, NULL, NULL, NULL, NULL, NULL, NULL),
	(149, 'Rasim', '081317003032', 'Agent BA', 'My Ihram', 'Umroh', NULL, 'PT.RUMAHA INSAN BAROKAH', 'Titin Sumarni', '2020-02-06 10:33:58', '2020-02-06 10:33:58', 30, 135, 149, 40, NULL, NULL, NULL, NULL, NULL, NULL),
	(150, 'tika', '085691982688', 'Direct Selling', 'My Ihram', 'umrah', NULL, 'PT. Ahsan Mandiri Utama', NULL, '2020-02-06 17:21:33', '2020-02-06 17:21:33', 26, 63, 103, NULL, NULL, NULL, NULL, NULL, NULL, NULL),
	(151, 'suryo sulistiyo', '0811138369', 'Direct Selling', 'My Ihram', 'umrah', NULL, 'PT. Ahsan Mandiri Utama', NULL, '2020-02-06 17:23:23', '2020-02-06 17:23:23', 26, 63, 103, NULL, NULL, NULL, NULL, NULL, NULL, NULL),
	(152, 'ibu maryati', '081381476699', 'Direct Selling', 'My Ihram', 'umrah', NULL, 'PT WISATA HATI', NULL, '2020-02-06 17:34:32', '2020-02-06 17:34:32', 26, 161, 52, NULL, NULL, NULL, NULL, NULL, NULL, NULL),
	(153, 'ibu amilah', '081208148017', 'Direct Selling', 'My Ihram', 'umrah', NULL, 'PT WISATA HATI', NULL, '2020-02-06 17:35:04', '2020-02-06 17:35:04', 26, 161, 52, NULL, NULL, NULL, NULL, NULL, NULL, NULL),
	(154, 'Hilda', '081254675173', 'Digital Marketing', 'My Faedah', 'Interior Design', NULL, 'Faira Interior', NULL, '2020-02-07 07:32:15', '2020-02-07 07:32:15', 34, 90, 152, NULL, NULL, NULL, NULL, NULL, NULL, NULL),
	(155, NULL, NULL, NULL, NULL, NULL, NULL, NULL, NULL, '2020-02-07 10:32:20', '2020-02-07 10:32:20', 30, 136, NULL, NULL, NULL, NULL, NULL, NULL, NULL, NULL),
	(156, 'pak muchlis', '085814830370', 'Direct Selling', 'My Ihram', 'umrah', NULL, 'PT WISATA HATI', NULL, '2020-02-07 18:11:06', '2020-02-07 18:11:06', 26, 161, 52, NULL, NULL, NULL, NULL, NULL, NULL, NULL),
	(157, 'iskandar', '08996992646', 'Direct Selling', 'My Ihram', 'umrah', NULL, 'PT WISATA HATI', NULL, '2020-02-07 18:12:16', '2020-02-07 18:12:16', 26, 161, 52, NULL, NULL, NULL, NULL, NULL, NULL, NULL),
	(158, 'Yoyok', '081324029055', 'Direct Selling', 'My Ihram', 'Jasa', NULL, 'PT. Ahsan Mandiri Utama', NULL, '2020-02-10 09:31:07', '2020-02-10 09:31:07', 26, 63, 103, NULL, NULL, NULL, NULL, NULL, NULL, NULL),
	(159, 'Finny', '081395686915', 'Direct Selling', 'My Ihram', 'Jasa', NULL, 'PT. Ahsan Mandiri Utama', NULL, '2020-02-10 09:31:43', '2020-02-10 09:31:43', 26, 63, 103, NULL, NULL, NULL, NULL, NULL, NULL, NULL),
	(160, 'Abdul kutali', '081324243080', 'Direct Selling', 'My Ihram', 'Jasa', NULL, 'PT. Ahsan Mandiri Utama', NULL, '2020-02-10 09:32:24', '2020-02-10 09:32:24', 26, 63, 103, NULL, NULL, NULL, NULL, NULL, NULL, NULL),
	(161, 'Ade supajs', '085221329996', 'Direct Selling', 'My Ihram', 'Jasa', NULL, 'PT. Ahsan Mandiri Utama', NULL, '2020-02-10 09:33:04', '2020-02-10 09:33:04', 26, 63, 103, NULL, NULL, NULL, NULL, NULL, NULL, NULL),
	(162, 'Ibnu', '082320868227', 'Direct Selling', 'My Ihram', 'Jasa', NULL, 'PT. Ahsan Mandiri Utama', NULL, '2020-02-10 09:33:47', '2020-02-10 09:33:47', 26, 63, 103, NULL, NULL, NULL, NULL, NULL, NULL, NULL),
	(163, 'Mumu zainal', '082315741727', 'Direct Selling', 'My Ihram', 'Jasa', NULL, 'PT. Ahsan Mandiri Utama', NULL, '2020-02-10 09:34:53', '2020-02-10 09:34:53', 26, 63, 103, NULL, NULL, NULL, NULL, NULL, NULL, NULL),
	(164, 'Ios sutihat', '081224495223', 'Direct Selling', 'My Ihram', 'Jasa', NULL, 'PT. Ahsan Mandiri Utama', NULL, '2020-02-10 09:35:54', '2020-02-10 09:35:54', 26, 63, 103, NULL, NULL, NULL, NULL, NULL, NULL, NULL),
	(165, 'wiwinto', '085269892627', 'Direct Selling', 'My Faedah', 'Mesin Fotocopy', NULL, 'PD BERKAT JAYA', NULL, '2020-02-10 17:33:14', '2020-02-10 18:20:25', 30, 144, 187, NULL, NULL, NULL, NULL, NULL, NULL, NULL),
	(166, 'ibu ambar', '081288508288', 'Direct Selling', 'My Ihram', 'Umrah', NULL, 'PT WISATA HATI', NULL, '2020-02-10 17:55:21', '2020-02-10 17:55:21', 26, 161, 52, NULL, NULL, NULL, NULL, NULL, NULL, NULL),
	(167, 'pak marko', '081210000773', 'Direct Selling', 'My Faedah', 'pendidikan', NULL, 'PT WISATA HATI', NULL, '2020-02-10 17:56:06', '2020-02-10 17:56:06', 26, 161, 52, NULL, NULL, NULL, NULL, NULL, NULL, NULL),
	(168, 'pak gunawan', '082110654265', 'Direct Selling', 'My Ihram', 'PERNIKAHAN', NULL, 'PT WISATA HATI', NULL, '2020-02-10 17:56:57', '2020-02-10 17:56:57', 26, 161, 52, NULL, NULL, NULL, NULL, NULL, NULL, NULL),
	(169, 'pak azam', '089646477135', 'Direct Selling', 'My Ihram', 'Umrah', NULL, 'PT WISATA HATI', NULL, '2020-02-10 17:57:51', '2020-02-10 17:57:51', 26, 161, 52, NULL, NULL, NULL, NULL, NULL, NULL, NULL),
	(170, 'Satria Raswanda', '082175892434', 'Direct Selling', 'My Faedah', 'Bahan Bangunan', NULL, NULL, NULL, '2020-02-11 11:58:02', '2020-02-11 11:58:02', 30, 144, NULL, NULL, NULL, NULL, NULL, NULL, NULL, NULL),
	(171, 'Dewi Sartika', '081258445003', 'Digital Marketing', 'My Faedah', 'Catering', NULL, 'Audira Salon', NULL, '2020-02-11 13:11:06', '2020-02-11 13:11:06', 34, 90, 188, NULL, NULL, NULL, NULL, NULL, NULL, NULL),
	(172, 'diah', '089654915966', 'Direct Selling', 'My Ihram', 'PERNIKAHAN', NULL, 'PT BAITULLOH KOTA INTAN WISATA', NULL, '2020-02-11 19:45:26', '2020-02-11 19:45:26', 26, 63, 138, NULL, NULL, NULL, NULL, NULL, NULL, NULL),
	(173, 'aji ramadhan', '08987088645', 'Direct Selling', 'My Hajat', 'PERNIKAHAN', NULL, 'Sanggar Rias shasha', NULL, '2020-02-11 19:46:46', '2020-02-11 19:46:46', 26, 63, 183, NULL, NULL, NULL, NULL, NULL, NULL, NULL),
	(174, 'yoni', '087888333321', 'Direct Selling', 'My Ihram', 'Umrah', NULL, 'PT. Ahsan Mandiri Utama', NULL, '2020-02-11 19:48:40', '2020-02-11 19:48:40', 26, 63, 103, NULL, NULL, NULL, NULL, NULL, NULL, NULL),
	(175, 'pak ikhsan', '081345665434', 'Direct Selling', 'My Faedah', 'umrah', NULL, 'PT WISATA HATI', NULL, '2020-02-11 19:55:58', '2020-02-11 19:55:58', 26, 161, 52, NULL, NULL, NULL, NULL, NULL, NULL, NULL),
	(176, 'pak suorapto', '087774383180', 'Direct Selling', 'My Faedah', 'my faedah', NULL, 'PT WISATA HATI', NULL, '2020-02-11 19:57:18', '2020-02-11 19:57:18', 26, 161, 52, NULL, NULL, NULL, NULL, NULL, NULL, NULL),
	(177, 'pak iwan', '081287831213', 'Direct Selling', 'My Faedah', 'my faedah', NULL, 'PT WISATA HATI', NULL, '2020-02-11 19:57:56', '2020-02-11 19:57:56', 26, 161, 52, NULL, NULL, NULL, NULL, NULL, NULL, NULL),
	(178, 'hendra', '082110734932', 'Direct Selling', 'My Faedah', 'my faedah', NULL, 'PT WISATA HATI', NULL, '2020-02-11 19:58:48', '2020-02-11 19:58:48', 26, 161, 52, NULL, NULL, NULL, NULL, NULL, NULL, NULL),
	(179, 'pak ridwan', '081212782758', 'Direct Selling', 'My Faedah', 'my faedah', NULL, 'PT WISATA HATI', NULL, '2020-02-11 19:59:59', '2020-02-11 19:59:59', 26, 161, 52, NULL, NULL, NULL, NULL, NULL, NULL, NULL),
	(180, 'Elly Hartati', '085709387054', 'Direct Selling', 'My Faedah', 'paket usaha telur gulung & es bubble', NULL, NULL, NULL, '2020-02-12 10:25:04', '2020-02-12 10:25:04', 30, 144, NULL, NULL, NULL, NULL, NULL, NULL, NULL, NULL),
	(181, 'RIZKA EMELIA', '083132720524', 'Agent BA', 'My Ihram', 'UMROH', NULL, 'SMART UMROH/DREAM TOUR AND TRAVEL', 'TYAS KUSUMANINGRUM', '2020-02-13 15:54:45', '2020-02-13 16:08:30', 3, 35, 201, 44, NULL, NULL, NULL, NULL, NULL, NULL),
	(182, 'FARIED BUDIMAN', '081250424200', 'Agent BA', 'My Faedah', 'CATERING', NULL, 'Dapoer Ummy', 'Erlinawati, SE', '2020-02-13 16:16:05', '2020-02-13 16:32:45', 3, 186, 202, 42, NULL, NULL, NULL, NULL, NULL, NULL),
	(183, 'johan saputra', '082123962423', 'Direct Selling', 'My Faedah', 'barang', NULL, 'TB ABADI JAYA JOGLO', NULL, '2020-02-13 17:23:54', '2020-02-13 17:23:54', 26, 63, 93, NULL, NULL, NULL, NULL, NULL, NULL, NULL),
	(184, 'chairul anam', '089603579033', 'Direct Selling', 'My Ihram', 'umrah', NULL, 'PT. Ahsan Mandiri Utama', NULL, '2020-02-13 17:34:17', '2020-02-13 17:34:17', 26, 63, 103, NULL, NULL, NULL, NULL, NULL, NULL, NULL),
	(185, 'Rois', '08225823766', 'Direct Selling', 'My Ihram', 'Umroh', NULL, 'PT BAITULLOH KOTA INTAN WISATA', NULL, '2020-02-18 09:00:26', '2020-02-18 09:00:26', 26, 63, 138, NULL, NULL, NULL, NULL, NULL, NULL, NULL),
	(186, 'Misriyah', '081398011455', 'Direct Selling', 'My Ihram', 'Umroh', NULL, 'PT BAITULLOH KOTA INTAN WISATA', NULL, '2020-02-18 17:25:36', '2020-02-18 17:25:36', 26, 63, 138, NULL, NULL, NULL, NULL, NULL, NULL, NULL),
	(187, 'Saumi', '081383348774', 'Direct Selling', 'My Ihram', 'Umroh', NULL, 'PT. Ahsan Mandiri Utama', NULL, '2020-02-18 17:26:28', '2020-02-18 17:26:28', 26, 63, 103, NULL, NULL, NULL, NULL, NULL, NULL, NULL),
	(188, 'Neneng', '082112637583', 'Direct Selling', 'My Hajat', 'Jasa', NULL, 'Sanggar Rias shasha', NULL, '2020-02-18 17:27:40', '2020-02-18 17:27:40', 26, 63, 183, NULL, NULL, NULL, NULL, NULL, NULL, NULL),
	(189, 'Nursanti', '085717349181', 'Direct Selling', 'My Safar', 'Jasa', NULL, 'netty salon & modiste', NULL, '2020-02-18 17:28:24', '2020-02-18 17:28:24', 26, 63, 96, NULL, NULL, NULL, NULL, NULL, NULL, NULL),
	(190, 'Hartati', '0895340614399', 'Direct Selling', 'My Ihram', 'Umroh', NULL, 'PT BAITULLOH KOTA INTAN WISATA', NULL, '2020-02-18 17:29:49', '2020-02-18 17:29:49', 26, 63, 138, NULL, NULL, NULL, NULL, NULL, NULL, NULL),
	(191, 'Heny afriani', '081289290586', 'Direct Selling', 'My Ihram', 'Umroh', NULL, 'PT. Ahsan Mandiri Utama', NULL, '2020-02-18 17:30:55', '2020-02-18 17:30:55', 26, 63, 103, NULL, NULL, NULL, NULL, NULL, NULL, NULL),
	(192, 'Nurmawati', '081289952729', 'Direct Selling', 'My Hajat', 'Jasa', NULL, 'netty salon & modiste', NULL, '2020-02-18 17:31:44', '2020-02-18 17:31:44', 26, 63, 96, NULL, NULL, NULL, NULL, NULL, NULL, NULL),
	(193, 'Nana suhana', '081326219244', 'Direct Selling', 'My Ihram', 'Umroh', NULL, 'PT BAITULLOH KOTA INTAN WISATA', NULL, '2020-02-18 17:32:30', '2020-02-18 17:32:30', 26, 63, 138, NULL, NULL, NULL, NULL, NULL, NULL, NULL),
	(194, 'Hakimah', '081316569130', 'Direct Selling', 'My Hajat', 'Jasa', NULL, 'netty salon & modiste', NULL, '2020-02-18 17:33:26', '2020-02-18 17:33:26', 26, 63, 96, NULL, NULL, NULL, NULL, NULL, NULL, NULL),
	(195, 'Siti rohimah', '081958187184', 'Direct Selling', 'My Ihram', 'Jasa', NULL, 'PT. Ahsan Mandiri Utama', NULL, '2020-02-18 17:34:06', '2020-02-18 17:34:06', 26, 63, 103, NULL, NULL, NULL, NULL, NULL, NULL, NULL),
	(196, 'Wasrim', '089651207442', 'Direct Selling', 'My Hajat', 'Jasa', NULL, 'netty salon & modiste', NULL, '2020-02-18 17:34:39', '2020-02-18 17:34:39', 26, 63, 96, NULL, NULL, NULL, NULL, NULL, NULL, NULL),
	(197, 'Rini nurhaniyah', '081574650517', 'Direct Selling', 'My Ihram', 'Umroh', NULL, 'PT BAITULLOH KOTA INTAN WISATA', NULL, '2020-02-18 17:35:18', '2020-02-18 17:35:18', 26, 63, 138, NULL, NULL, NULL, NULL, NULL, NULL, NULL),
	(198, 'Hilza', '081287224625', 'Direct Selling', 'My Hajat', 'Jasa', NULL, 'Sanggar Rias shasha', NULL, '2020-02-19 17:23:03', '2020-02-19 17:23:03', 26, 63, 183, NULL, NULL, NULL, NULL, NULL, NULL, NULL),
	(199, 'Umar', '081398830506', 'Direct Selling', 'My Faedah', 'Barang material', NULL, 'TB ABADI JAYA JOGLO', NULL, '2020-02-19 17:24:00', '2020-02-19 17:24:00', 26, 63, 93, NULL, NULL, NULL, NULL, NULL, NULL, NULL),
	(200, 'Siti maryam', '08158810289', 'Direct Selling', 'My Ihram', 'Umroh', NULL, 'PT BAITULLOH KOTA INTAN WISATA', NULL, '2020-02-20 15:59:47', '2020-02-20 15:59:47', 26, 63, 138, NULL, NULL, NULL, NULL, NULL, NULL, NULL),
	(201, 'Abdullah cholil', '0811926120', 'Direct Selling', 'My Ihram', 'Umroh', NULL, 'PT. Ahsan Mandiri Utama', NULL, '2020-02-20 16:00:29', '2020-02-20 16:00:29', 26, 63, 103, NULL, NULL, NULL, NULL, NULL, NULL, NULL),
	(202, 'Hamdi', '087876087861', 'Direct Selling', 'My Hajat', 'Jasa', NULL, 'Sanggar Rias shasha', NULL, '2020-02-20 16:01:03', '2020-02-20 16:01:03', 26, 63, 183, NULL, NULL, NULL, NULL, NULL, NULL, NULL),
	(203, 'Siti nurjannah', '08567811872', 'Direct Selling', 'My Ihram', 'Umroh', NULL, 'PT BAITULLOH KOTA INTAN WISATA', NULL, '2020-02-20 16:01:58', '2020-02-20 16:01:58', 26, 63, 138, NULL, NULL, NULL, NULL, NULL, NULL, NULL),
	(204, 'Rizkia marisa', '08122115903', 'Direct Selling', 'My Ihram', 'Umroh', NULL, 'PT. Ahsan Mandiri Utama', NULL, '2020-02-20 16:02:37', '2020-02-20 16:02:37', 26, 63, 103, NULL, NULL, NULL, NULL, NULL, NULL, NULL),
	(205, 'SITI RAMLAH', '082354799493', 'Agent BA', 'My Ihram', 'UMROH', NULL, NULL, NULL, '2020-02-20 16:17:27', '2020-02-20 16:17:27', 3, 186, NULL, NULL, NULL, NULL, NULL, NULL, NULL, NULL),
	(206, 'Rahmat hidayat', '085263633744', 'Direct Selling', 'My Ihram', 'Jasa', NULL, 'PT BAITULLOH KOTA INTAN WISATA', NULL, '2020-02-22 08:10:03', '2020-02-22 08:10:03', 26, 63, 138, NULL, NULL, NULL, NULL, NULL, NULL, NULL),
	(207, 'Salbiah', '081266814575', 'Direct Selling', 'My Ihram', 'Jasa', NULL, 'PT. Ahsan Mandiri Utama', NULL, '2020-02-22 08:10:35', '2020-02-22 08:10:35', 26, 63, 103, NULL, NULL, NULL, NULL, NULL, NULL, NULL),
	(208, 'Taufik', '085715105483', 'Direct Selling', 'My Hajat', 'Jasa', NULL, 'netty salon & modiste', NULL, '2020-02-22 08:11:10', '2020-02-22 08:11:10', 26, 63, 96, NULL, NULL, NULL, NULL, NULL, NULL, NULL),
	(209, 'Sarman', '081334141850', 'Direct Selling', 'My Ihram', 'Jasa', NULL, 'PT BAITULLOH KOTA INTAN WISATA', NULL, '2020-02-22 08:12:13', '2020-02-22 08:12:13', 26, 63, 138, NULL, NULL, NULL, NULL, NULL, NULL, NULL),
	(210, 'Hasan basri', '081381375491', 'Direct Selling', 'My Faedah', 'Barang material', NULL, 'TB ABADI JAYA JOGLO', NULL, '2020-02-22 08:12:49', '2020-02-22 08:12:49', 26, 63, 93, NULL, NULL, NULL, NULL, NULL, NULL, NULL),
	(211, 'Wahyu', '082115872424', 'Direct Selling', 'My Ihram', 'Umroh', NULL, 'PT BAITULLOH KOTA INTAN WISATA', NULL, '2020-02-22 08:13:32', '2020-02-22 08:13:32', 26, 63, 138, NULL, NULL, NULL, NULL, NULL, NULL, NULL),
	(212, 'nur', '0812115872424', 'Direct Selling', 'My Ihram', 'umrah', NULL, 'PT BAITULLOH KOTA INTAN WISATA', NULL, '2020-02-24 17:40:12', '2020-02-24 17:40:12', 26, 63, 138, NULL, NULL, NULL, NULL, NULL, NULL, NULL),
	(213, 'aji', '0895609484851', 'Direct Selling', 'My Hajat', 'jasa', NULL, 'netty salon & modiste', NULL, '2020-02-24 17:40:48', '2020-02-24 17:40:48', 26, 63, 96, NULL, NULL, NULL, NULL, NULL, NULL, NULL),
	(214, 'yarsi', '081212421558', 'Direct Selling', 'My Ihram', 'jasa', NULL, 'PT. Ahsan Mandiri Utama', NULL, '2020-02-24 17:43:14', '2020-02-24 17:43:14', 26, 63, 103, NULL, NULL, NULL, NULL, NULL, NULL, NULL),
	(215, 'siti nurjanah', '08787873198', 'Direct Selling', 'My Ihram', 'jasa', NULL, 'PT IMAN ARAFAH TRAVEL', NULL, '2020-02-27 17:47:04', '2020-02-27 17:47:04', 26, 63, 275, NULL, NULL, NULL, NULL, NULL, NULL, NULL),
	(216, 'wulandani', '08118400988', 'Direct Selling', 'My Faedah', 'barang', NULL, 'TB ABADI JAYA JOGLO', NULL, '2020-02-27 17:47:50', '2020-02-27 17:47:50', 26, 63, 93, NULL, NULL, NULL, NULL, NULL, NULL, NULL),
	(217, 'dewi', '081288894659', 'Direct Selling', 'My Ihram', 'jasa', NULL, 'PT BAITULLOH KOTA INTAN WISATA', NULL, '2020-02-27 17:49:09', '2020-02-27 17:49:09', 26, 63, 138, NULL, NULL, NULL, NULL, NULL, NULL, NULL),
	(218, 'ari', '082213792870', 'Direct Selling', 'My Ihram', 'jasa', NULL, 'PT WISATA HATI', NULL, '2020-02-28 08:34:48', '2020-02-28 08:34:48', 26, 161, 52, NULL, NULL, NULL, NULL, NULL, NULL, NULL),
	(219, 'salsabila', '081286605369', 'Direct Selling', 'My Ihram', 'jasa', NULL, 'PT WISATA HATI', NULL, '2020-02-28 08:36:22', '2020-02-28 08:36:22', 26, 161, 52, NULL, NULL, NULL, NULL, NULL, NULL, NULL),
	(220, 'fiko prakoso', '081288332426', 'Direct Selling', 'My Ihram', 'jasa', NULL, 'PT WISATA HATI', NULL, '2020-02-28 08:37:18', '2020-02-28 08:37:18', 26, 161, 52, NULL, NULL, NULL, NULL, NULL, NULL, NULL),
	(221, 'faris', '082298073137', 'Direct Selling', 'My Ihram', 'jasa', NULL, 'PT WISATA HATI', NULL, '2020-02-28 08:39:43', '2020-02-28 08:39:43', 26, 161, 52, NULL, NULL, NULL, NULL, NULL, NULL, NULL),
	(222, 'faris', '082198073137', 'Direct Selling', 'My Ihram', 'jasa', NULL, 'PT WISATA HATI', NULL, '2020-02-28 08:41:35', '2020-02-28 08:41:35', 26, 161, 52, NULL, NULL, NULL, NULL, NULL, NULL, NULL),
	(223, 'vika amelia', '085716299980', 'Direct Selling', 'My Ihram', 'jasa', NULL, 'PT WISATA HATI', NULL, '2020-02-28 08:42:44', '2020-02-28 08:42:44', 26, 161, 52, NULL, NULL, NULL, NULL, NULL, NULL, NULL),
	(224, 'Dea', '085775805562', 'Direct Selling', 'My Ihram', 'jasa', NULL, 'PT WISATA HATI', NULL, '2020-02-28 08:43:20', '2020-02-28 08:43:20', 26, 161, 52, NULL, NULL, NULL, NULL, NULL, NULL, NULL),
	(225, 'aulia julian', '085921528565', 'Direct Selling', 'My Ihram', 'jasa', NULL, 'PT WISATA HATI', NULL, '2020-02-28 08:44:32', '2020-02-28 08:44:32', 26, 161, 52, NULL, NULL, NULL, NULL, NULL, NULL, NULL),
	(226, 'Naufal', '085939876477', 'Direct Selling', 'My Ihram', 'jasa', NULL, 'PT WISATA HATI', NULL, '2020-02-28 08:45:16', '2020-02-28 08:45:16', 26, 161, 52, NULL, NULL, NULL, NULL, NULL, NULL, NULL),
	(227, 'ahmad syarif', '085945664210', 'Direct Selling', 'My Ihram', 'jasa', NULL, 'PT WISATA HATI', NULL, '2020-02-28 08:46:47', '2020-02-28 08:46:47', 26, 161, 52, NULL, NULL, NULL, NULL, NULL, NULL, NULL),
	(228, 'sayi', '081807825572', 'Direct Selling', 'My Ihram', 'jasa', NULL, 'PT BAITULLOH KOTA INTAN WISATA', NULL, '2020-03-02 09:08:59', '2020-03-02 09:08:59', 26, 63, 138, NULL, NULL, NULL, NULL, NULL, NULL, NULL),
	(229, 'kartika', '081219007966', 'Direct Selling', 'My Ihram', 'jasa', NULL, 'PT BAITULLOH KOTA INTAN WISATA', NULL, '2020-03-02 09:09:48', '2020-03-02 09:09:48', 26, 63, 138, NULL, NULL, NULL, NULL, NULL, NULL, NULL),
	(230, 'aan mulyani', '08129140944', 'Direct Selling', 'My Ihram', 'jasa', NULL, 'PT. Ahsan Mandiri Utama', NULL, '2020-03-02 09:10:45', '2020-03-02 09:10:45', 26, 63, 103, NULL, NULL, NULL, NULL, NULL, NULL, NULL),
	(231, 'yulianti', '085320724807', 'Direct Selling', 'My Ihram', 'jasa', NULL, 'PT BAITULLOH KOTA INTAN WISATA', NULL, '2020-03-02 09:11:24', '2020-03-02 09:11:24', 26, 63, 138, NULL, NULL, NULL, NULL, NULL, NULL, NULL),
	(232, 'maya', '0877220042800', 'Direct Selling', 'My Ihram', 'jasa', NULL, 'PT IMAN ARAFAH TRAVEL', NULL, '2020-03-02 09:12:24', '2020-03-02 09:12:24', 26, 63, 275, NULL, NULL, NULL, NULL, NULL, NULL, NULL),
	(233, 'nahrowiyah', '083897002864', 'Direct Selling', 'My Ihram', 'jasa', NULL, 'PT BAITULLOH KOTA INTAN WISATA', NULL, '2020-03-02 09:13:08', '2020-03-02 09:13:08', 26, 63, 138, NULL, NULL, NULL, NULL, NULL, NULL, NULL),
	(234, 'umi laila', '082110646480', 'Direct Selling', 'My Ihram', 'jasa', NULL, 'PT. Ahsan Mandiri Utama', NULL, '2020-03-02 09:13:48', '2020-03-02 09:13:48', 26, 63, 103, NULL, NULL, NULL, NULL, NULL, NULL, NULL),
	(235, 'andi warman', '085890622792', 'Direct Selling', 'My Ihram', 'jasa', NULL, 'PT IMAN ARAFAH TRAVEL', NULL, '2020-03-02 09:14:25', '2020-03-02 09:14:25', 26, 63, 275, NULL, NULL, NULL, NULL, NULL, NULL, NULL),
	(236, 'rodiyah', '085813461677', 'Direct Selling', 'My Ihram', 'jasa', NULL, 'PT BAITULLOH KOTA INTAN WISATA', NULL, '2020-03-02 09:15:03', '2020-03-02 09:15:03', 26, 63, 138, NULL, NULL, NULL, NULL, NULL, NULL, NULL);
/*!40000 ALTER TABLE `mapping_leads` ENABLE KEYS */;

-- Dumping structure for table u5487321_partner.mapping_partners
CREATE TABLE IF NOT EXISTS `mapping_partners` (
  `id_mapping` int(11) NOT NULL AUTO_INCREMENT,
  `nama_usaha` varchar(255) NOT NULL,
  `bidang_usaha` varchar(255) NOT NULL,
  `bentuk_usaha` varchar(255) DEFAULT NULL COMMENT 'Perorangan / PD / CV / PT',
  `alamat` text NOT NULL,
  `telepon` varchar(255) NOT NULL,
  `email` varchar(255) DEFAULT NULL,
  `kategori_produk` varchar(255) NOT NULL,
  `catatan` text NOT NULL,
  `foto_usaha_mapping` varchar(255) DEFAULT NULL COMMENT 'Form Upload File',
  `created_at` datetime DEFAULT NULL,
  `updated_at` datetime DEFAULT NULL,
  `id_branch` int(3) DEFAULT NULL,
  `id_user` int(3) DEFAULT NULL,
  PRIMARY KEY (`id_mapping`),
  UNIQUE KEY `telepon` (`telepon`),
  KEY `id_branch` (`id_branch`),
  KEY `id_user` (`id_user`),
  CONSTRAINT `mapping_partners_ibfk_1` FOREIGN KEY (`id_branch`) REFERENCES `branches` (`id_branch`),
  CONSTRAINT `mapping_partners_ibfk_2` FOREIGN KEY (`id_user`) REFERENCES `users` (`id_user`)
) ENGINE=InnoDB AUTO_INCREMENT=294 DEFAULT CHARSET=latin1 COMMENT='Tabel Partner Mapping';

-- Dumping data for table u5487321_partner.mapping_partners: ~62 rows (approximately)
/*!40000 ALTER TABLE `mapping_partners` DISABLE KEYS */;
INSERT INTO `mapping_partners` (`id_mapping`, `nama_usaha`, `bidang_usaha`, `bentuk_usaha`, `alamat`, `telepon`, `email`, `kategori_produk`, `catatan`, `foto_usaha_mapping`, `created_at`, `updated_at`, `id_branch`, `id_user`) VALUES
	(37, 'CV Perseketuan Komanditer', 'Percetakan', 'Perorangan', 'Jl. nusantara 12', '089828302802', 'cv@gmail.com', 'My Safar', 'mantep', 'steam_error_2.PNG', '2020-01-16 14:08:58', '2020-01-16 14:08:58', 7, 11),
	(38, 'PT Donnindo', 'Travel', 'PT', 'Jl. Mawaddah 5', '081310587383', 'donnindo@gmail.com', 'My Ihram', 'Bismillah', '21_Agustus.png', '2020-01-17 11:17:25', '2020-01-17 14:46:44', 7, 11),
	(39, 'Tiga Saudara', 'Toko Bangunan', 'PD', 'Jl Panjang', '081316498107', 'Tigasaudara@gmail.com', 'My Faedah', 'My faedah', '15792532769716990278695649017284.jpg', '2020-01-17 16:28:33', '2020-01-24 14:19:13', 7, 11),
	(40, 'Khalifa Tour', 'Travel Umroh', 'PT', 'Jalan Gajah Mada', '085214587987', 'khalifatour@gmail.com', 'My Ihram', '', 'images.jpg', '2020-01-24 14:09:36', '2020-01-24 14:09:36', 46, 11),
	(41, 'CV Radio Dalam', 'Wedding Organizer', 'CV', 'Jalan Radio Dalam II', '085698746585', 'radiodalam@gmail.com', 'My Hajat', '', NULL, '2020-01-24 14:25:48', '2020-01-24 14:25:48', 46, 11),
	(42, 'PT Aria Dahlan', 'Dealer Mobil', 'CV', 'Jalan Pegangsaan Timur', '085512354688', 'dahlan@gmail.com', 'My CarS', '', NULL, '2020-01-24 15:28:00', '2020-01-24 15:28:00', 46, 11),
	(43, 'Maju Bersama Abadi', 'Barang Elektronik', 'PT', 'Jalan Imam Bonjol', '081654876587', 'abadibersama@gmail.com', 'My Faedah', '', NULL, '2020-01-27 11:56:55', '2020-01-27 11:56:55', 46, 11),
	(44, 'Toko Citra Bangunan ', 'Bahan Bangunan ', 'Perorangan', 'Jalan Syech Yusuf  No. 1 A, Korumba, Kec. Mandonga, Kota Kendari ', '081245663207', '', 'My Faedah', '', 'TOKO_CITRA_BANGUNAN.jpeg', '2020-01-28 12:23:17', '2020-01-28 12:23:17', 19, 116),
	(52, 'PT WISATA HATI', 'Tour & Travel', 'PT', 'Rukan Cikini Botanical Juncyion Blok I 10 No 15', '0215890064', 'cs@wisatahati.com', 'My Ihram', '', NULL, '2020-01-28 17:56:36', '2020-01-28 17:56:36', 26, 161),
	(53, 'PD MANDIRI JAYA II', 'JASA', 'PD', 'JL E NO 17A KEBON JERUK', '0215490625', 'ptmandirijaya@gmail.com', 'My Faedah', 'FOLLOW UP', NULL, '2020-01-28 18:04:25', '2020-01-28 18:04:25', 26, 161),
	(59, 'TB INDO BANGUNAN', 'JASA', 'Perorangan', 'jl meruya ilir', '025802122', 'indobangunan@gmail.com', 'My Faedah', '', NULL, '2020-01-29 17:46:41', '2020-01-29 17:46:41', 26, 161),
	(60, 'PT SINAR MAJU BARU', 'JASA', 'PT', 'JL RAYA KEMBANGAN NO 21', '', 'ptsinarmaju@gmail.com', 'My Faedah', '', NULL, '2020-01-29 17:47:46', '2020-01-29 17:47:46', 26, 161),
	(61, 'TB INDO SENTOSA BANGUNAN', 'JASA', 'Perorangan', 'JL MERUYA UTARA NO 11', '02158900263', 'indosentosa@gmail.com', 'My Faedah', '', NULL, '2020-01-29 17:49:03', '2020-01-29 17:49:03', 26, 161),
	(62, 'DECOR PLUS', 'JASA', 'Perorangan', 'jl meruya ilir raya no 80', '081314758668', 'decorplus@gmail.com', 'My Faedah', '', NULL, '2020-01-29 17:51:31', '2020-01-29 17:51:31', 26, 161),
	(63, 'PT. As-salam Mulya Al-Haromain', 'jasa', 'PT', 'Jl. ciputat raya no 4a tanah kusir', '0217290758', 'Assalam@gmail.com', 'My Ihram', '', NULL, '2020-01-29 18:01:53', '2020-01-29 18:01:53', 26, 63),
	(64, 'Pt. Asia utama wisata', 'jasa', 'PT', 'jl.ciputat raya no.48 kebayoran lama', '0217201061', 'lila@asiatour.co.id', 'My Ihram', '', NULL, '2020-01-29 18:04:33', '2020-01-29 18:04:33', 26, 63),
	(65, 'netty salon & modiste', 'jasa', 'Perorangan', 'jalan H Najih nomor 12 RT 001 RW 06 kreo larangan', '08989206205', 'nettywo@gmail.com', 'My Hajat', '', NULL, '2020-01-29 18:05:41', '2020-01-29 18:05:41', 26, 63),
	(66, 'adi salon', 'jasa', 'Perorangan', 'jl.habib nofel larangan', '02199107194', 'Adisalon@gmai.com', 'My Hajat', '', NULL, '2020-01-29 18:07:15', '2020-01-29 18:07:15', 26, 63),
	(67, 'TB JAYA MAKMUR', 'jasa', 'Perorangan', 'SLIPI', '02179876565', 'tbjayamakmur@gmail.com', 'My Faedah', '', NULL, '2020-01-30 17:44:01', '2020-01-30 17:44:01', 26, 161),
	(68, 'TB KAWAN SETIA JAYA', 'jasa', 'Perorangan', 'SLIPI PALMERAH', '0215450128', 'kawansetia@gmauil.com', 'My Faedah', '', NULL, '2020-01-30 17:46:07', '2020-01-30 17:46:07', 26, 161),
	(69, 'umam dan vita wedding', 'WEDDING PACKAGE', 'Perorangan', 'SLIPI', '083845174582', 'umamvita@gmail.com', 'My Hajat', '', NULL, '2020-01-30 17:48:30', '2020-01-30 17:48:30', 26, 161),
	(70, 'mira catering', 'WEDDING PACKAGE', 'Perorangan', 'rawa belong', '087886483931', 'miracatering@gmail.com', 'My Hajat', '', NULL, '2020-01-30 17:49:57', '2020-01-30 17:49:57', 26, 161),
	(71, 'sanggar rias sasha', 'jasa', 'Perorangan', 'jl.h. sapri parung serab', '081317326994', 'sasha@gmail.com', 'My Hajat', '', NULL, '2020-01-30 17:54:35', '2020-01-30 17:54:35', 26, 63),
	(72, ' ASAMULIA EXPRESS', 'Tour & Travel', 'PT', 'Jl. Tebet Timur Dalam II No.29, RT.4/RW.3, Tebet Tim., Kec. Tebet, Kota Jakarta Selatan, Daerah Khusus Ibukota Jakarta 12820', '0218357000', 'asamuliatour@yahoo.com', 'My Ihram', '', 'FOTO_VISIT_BFI_01.jpeg', '2020-02-01 10:07:23', '2020-02-01 10:07:23', 14, 79),
	(73, 'AL AQSHA JISRU DAKWAH', 'Tour & Travel', 'PT', 'GRAHA AL AQSHA 3, JL. PAL BATU RAYA NO. 37, RT-RW. 12-004, KEL. MENTENG DALAM, KEC. TEBET, KOTA ADM. JAKARTA SELATAN, DKI JAKARTA', '0218352580', 'alaqshajisrudakwah@yahoo.com', 'My Ihram', '', 'WhatsApp_Image_2020-02-01_at_10.23.42.jpeg', '2020-02-01 10:24:38', '2020-02-01 10:24:38', 14, 79),
	(74, 'NADIA KERUDUNG', 'LAINNYA', 'Perorangan', 'KOTO ANDALEH JORONG SIGIRAN', '081266700690', 'wetiagustinakerudung@gmail.com', 'My Faedah', '', NULL, '2020-02-01 10:52:45', '2020-02-01 10:52:45', 8, 170),
	(78, 'UD Aneka Griya', 'Material Bangunan', 'PD', 'Jl P Bendahra', '08125476289', 'aby_bahsein@yahoo.co.id', 'My Faedah', '', NULL, '2020-02-02 02:12:25', '2020-02-02 02:12:25', 34, 90),
	(84, 'TB Fakta Jaya', 'Bahan Bangunan', 'PD', 'Jl KH Wahid Hasyim 80 Sempaja Selatan Samarinda', '08125508559', 'faktajaya@gmail.com', 'My Faedah', '', 'IMG-20200202-WA00565.jpg', '2020-02-02 19:16:39', '2020-02-02 19:16:39', 34, 90),
	(85, 'sanggar reksy', 'Wedding Organizer', 'Perorangan', 'Jl H Naimun', '082255531136', 'sanggarreksy@gmail.com', 'My Hajat', '', 'IMG-20200103-WA0007.jpg', '2020-02-03 09:02:53', '2020-02-03 09:02:53', 14, 183),
	(86, 'MULTI MEDIA MANDIRI CV', 'PERDAGANGAN ELEKTRONIK', 'CV', 'JL AHMAD YANI NO.41', '0811408090', 'multimedia_pusat@yahoo.co.id', 'My Faedah', '', NULL, '2020-02-03 10:58:54', '2020-02-03 10:58:54', 19, 212),
	(87, 'PADEPOKAN AINI', 'Wedding Organizer', 'Perorangan', 'jl macan raya rt 07 rw 03 n0 59 ', '081280817171', 'padepokanaini211@gmail.com', 'My Hajat', '', NULL, '2020-02-03 11:13:04', '2020-02-03 11:13:04', 9, 41),
	(88, 'CV TRIDARMA SEJAHTERA', 'RENOVASI REUMAH', 'CV', 'PERUMAHAN SIDANEGARA INDAH BLOK 15/566', '081226539131', 'muhammadfaris460@gmail.com', 'My Hajat', '', NULL, '2020-02-03 11:44:12', '2020-02-03 11:44:12', 33, 111),
	(89, 'FW wedding', 'jasa', 'Perorangan', 'Jl.H sodon No 28 Meruya selatan ', '08170826262', 'firdausywedding@gmail.com', 'My Hajat', '', NULL, '2020-02-03 15:47:53', '2020-02-03 15:47:53', 26, 63),
	(90, 'Sinar matahari matrial', 'Barang material', 'Perorangan', 'Jl raden saleh no 18 ciledug', '081514774477', 'bangunkonstruksi@gmail.com', 'My Faedah', '', NULL, '2020-02-03 15:49:39', '2020-02-03 15:49:39', 26, 63),
	(91, 'Anhuo wedding', 'jasa', 'Perorangan', 'Jl raya joglo gg sawo', '085890780793', 'anhuowedding@gmail.com', 'My Hajat', '', NULL, '2020-02-03 16:02:06', '2020-02-03 16:02:06', 26, 63),
	(93, 'TB ABADI JAYA JOGLO', 'Bahan bangunan', 'PD', 'Jl. Joglo Raya No.88, RT.1/RW.6, Joglo,', '081289797766', 'abadijoglo@gmial.com', 'My Faedah', '', NULL, '2020-02-03 17:44:33', '2020-02-03 17:44:33', 26, 63),
	(96, 'netty salon & modiste', 'jasa', 'Perorangan', 'jalan H Najih nomor 12 RT 001 RW 06 kreo larangan', '082169958493', 'netty@gmail.com', 'My Hajat', '', NULL, '2020-02-03 17:54:03', '2020-02-03 17:54:03', 26, 63),
	(99, 'TB JAYA MAKMUR', 'jasa', 'Perorangan', 'SUKABUMI UTARA', '081288542525', 'tbmakmur@gmail.com', 'My Faedah', '', NULL, '2020-02-03 18:08:42', '2020-02-03 18:08:42', 26, 161),
	(100, 'tb harapan indah', 'jasa', 'Perorangan', 'sukabumi selatan', '081234345298', 'tbharapanindah@gmail.com', 'My Faedah', '', NULL, '2020-02-03 18:10:40', '2020-02-03 18:10:40', 26, 161),
	(101, 'arya decoration', 'WEDDING PACKAGE', 'Perorangan', 'sukabumi selatan', '085103234438', 'arrya_decoration@yahoo.com', 'My Hajat', '', NULL, '2020-02-03 18:13:06', '2020-02-03 18:13:06', 26, 161),
	(102, 'hansdecoration', 'WEDDING PACKAGE', 'PT', 'jl asyirot sukabumi', '0215361413', 'hans_decoration@yahoo.co.id', 'My Hajat', '', NULL, '2020-02-03 18:15:10', '2020-02-03 18:15:10', 26, 161),
	(103, 'PT. Ahsan Mandiri Utama', 'jasa', 'PT', 'Jl bintaro utara blok q', '081617023848', 'ahsan@gmail.com', 'My Safar', '', NULL, '2020-02-04 09:32:23', '2020-02-04 09:32:23', 26, 63),
	(104, 'BUDI KARYA', 'Bahan bangunan', 'PD', 'JL RAYA JOGLO NO.54', '0215842609', 'budikarya@gmail.com', 'My Faedah', '', NULL, '2020-02-04 09:38:00', '2020-02-04 09:38:00', 26, 63),
	(105, 'Musyafak', 'Jasa Tukang', 'Perorangan', 'Wates Rt 03 Rw 4 Kec. Undaan Kab. Kudus', '085291741288', 'musyafak.1964@gmail.com', 'My Hajat', '', NULL, '2020-02-04 09:39:01', '2020-02-04 09:39:01', 20, 67),
	(106, 'LAS SURYA ANUGRAH', 'LAS', 'Perorangan', 'JL HJ SUPU YUSUF LR ', '085241990177', 'suryahmz@gmail.com', 'My Hajat', '', NULL, '2020-02-04 13:19:02', '2020-02-04 13:19:02', 19, 212),
	(107, 'madrasah muallimin muhammadiyah yogyakarta', 'YAYASAN PENDIDIKAN', 'Perorangan', 'Jalan S.Parman No 68, Patangpuluhan, Yogyakarta', '0274373122', 'mualliminmuhyk@gmail.com', 'My Talim', '', NULL, '2020-02-04 17:10:36', '2020-02-04 17:10:36', 45, 94),
	(108, 'dayang wedding', 'jasa', 'Perorangan', 'SUKABUMI UTARA', '081314108001', 'dayangweding@yahoo.com', 'My Hajat', '', NULL, '2020-02-04 17:33:30', '2020-02-04 17:33:30', 26, 161),
	(109, 'TB PUTRA SENTEBANG', 'Bahan bangunan', 'Perorangan', 'kelapa dua', '081290810319', 'tbputra@yahoo.com', 'My Faedah', '', NULL, '2020-02-04 17:34:50', '2020-02-04 17:34:50', 26, 161),
	(110, 'TB GIAT MAKMUR', 'Bahan bangunan', 'Perorangan', 'RAWA BELONG', '081294547845', 'tbgiatmakmur@yahoo.com', 'My Faedah', '', NULL, '2020-02-04 17:36:19', '2020-02-04 17:36:19', 26, 161),
	(111, 'TB SUMBER JAYA', 'Bahan bangunan', 'Perorangan', 'RAWA BELONG', '089512469873', 'tbsumberjaya@yahoo.com', 'My Faedah', '', NULL, '2020-02-04 17:37:14', '2020-02-04 17:37:14', 26, 161),
	(112, 'OLIVIA FLORIST WEDDING DECORATION', 'WEDDING PACKAGE', 'Perorangan', 'RAWA BELONG', '081384445557', 'oliviawedding@yahoo.com', 'My Hajat', '', NULL, '2020-02-04 17:38:51', '2020-02-04 17:38:51', 26, 161),
	(113, 'ISTANA BANGUNAN', 'BAHAN BANGUNAN DAN TOKO BESI', 'PD', 'JL M SAIDI PESANGGRAHAN', '081904576098', 'istanabesi@gmail.com', 'My Faedah', '', NULL, '2020-02-04 17:54:24', '2020-02-04 17:54:24', 26, 63),
	(114, 'sentosa jaya alumunium', 'besi, alumunium, baja', 'PD', 'jl bintaro pesanggrahan', '081387230548', 'sentosaalmunium@gmail.com', 'My Faedah', '', NULL, '2020-02-04 17:56:14', '2020-02-04 17:56:14', 26, 63),
	(115, 'ABRAR HAJI', 'SEWA RUKO', 'Perorangan', 'JL SOETOYO S', '081350081039', 'abrarhajiku@gmail.com', 'My Hajat', '', NULL, '2020-02-05 08:00:40', '2020-02-05 08:00:40', 3, 186),
	(120, 'DEPO MAKMUR', 'MATERIAL BANGUNAN', 'CV', 'JL. BASUKI RAHMAT KM 12, KOTA SORONG', '082239015258', 'depo.makmur.km.12.ok.dm@gmail.com', 'My Faedah', '', NULL, '2020-02-05 09:21:23', '2020-02-05 09:21:23', 38, 36),
	(124, 'Vendor Umum', 'Umum', 'Perorangan', 'umum', '0811852585', 'asd@bfi.co.id', 'My Ihram', '', 'WhatsApp_Image_2020-02-04_at_11.59.32_AM_(1).jpeg', '2020-02-05 11:14:55', '2020-02-05 11:14:55', 26, 40),
	(125, 'TB INTI BANGUNAN', 'JASA', 'Perorangan', 'KEDOYA', '0215478965', 'tbintibangunan@gmail.com', 'My Faedah', '', NULL, '2020-02-05 16:57:35', '2020-02-05 16:57:35', 26, 161),
	(126, 'TB INTI BANGUNAN', 'JASA', 'PT', 'JL KAMPUNG GUJI KEDOYA', '0215458254', 'bangunaninti@gmail.com', 'My Faedah', '', NULL, '2020-02-05 17:00:58', '2020-02-05 17:00:58', 26, 161),
	(127, 'TB SUMBER JAYA', 'JASA', 'Perorangan', 'JL KAMPUNG GUJI', '0215458525', 'tbsumberjaya@gmail.com', 'My Faedah', '', NULL, '2020-02-05 17:02:54', '2020-02-05 17:02:54', 26, 161),
	(128, 'DEPOT AIR SUMBER BAHAGIA', 'JASA', 'Perorangan', 'JL KEDOYA', '0215450123', 'depotairbanguna@gmail.com', 'My Faedah', 'belum mau bekerja sama dengan bfi syariah', NULL, '2020-02-05 17:04:42', '2020-02-05 17:04:42', 26, 161),
	(129, 'DEPOT SUMBER AIR BAHAGIA', 'JASA', 'Perorangan', 'JL KEDOYA KAMPUNG GUJI', '0215450127', 'depoair@gmail.com', 'My Hajat', '', NULL, '2020-02-05 17:06:58', '2020-02-05 17:06:58', 26, 161),
	(130, 'TB SUMBER LANCAR', 'JASA', 'Perorangan', 'JL KEDOYA DUIR NO 58', '0215669387', 'tbsumberlancar@gmail.com', 'My Faedah', 'belum mau bekerja sama dengan BFI syariah', NULL, '2020-02-05 17:09:49', '2020-02-05 17:09:49', 26, 161),
	(132, 'TB MULTI BANGUNAN', 'JASA', 'Perorangan', 'JL KEDOYA DURI NO 12', '0215652543', 'tbmultibangunan@gmail.com', 'My Faedah', '', NULL, '2020-02-05 17:11:27', '2020-02-05 17:11:27', 26, 161),
	(133, 'dsignature wedding decor', 'JASA', 'Perorangan', 'jl kedoya selatan', '081218602202', 'DSIGNATURE@GMAIL.COM', 'My Hajat', '', NULL, '2020-02-05 17:13:34', '2020-02-05 17:13:34', 26, 161),
	(134, 'arief dan tiara wedding', 'JASA', 'Perorangan', 'kedoya selatan', '0215462532', 'ariefdantiara@gmail.com', 'My Hajat', '', NULL, '2020-02-05 17:15:34', '2020-02-05 17:15:34', 26, 161),
	(135, 'PT BAITULLOH KOTA INTAN WISATA', 'JASA', 'PT', 'JL RAYA POS PENGUMBEN ', '081227011252', 'bkiwtours@gmail.com', 'My Ihram', '', NULL, '2020-02-05 17:20:55', '2020-02-05 17:20:55', 26, 63),
	(138, 'PT BAITULLOH KOTA INTAN WISATA', 'JASA', 'PT', 'JL RAYA POS PENGUMBEN ', '02153655354', 'bkiwtours@yahoo.com', 'My Ihram', '', NULL, '2020-02-05 17:24:19', '2020-02-05 17:24:19', 26, 63),
	(140, 'yunita salon', 'jasa', 'Perorangan', 'Jl. H. Amsar No.10, ', '081381705061', 'yunita@gmail.com', 'My Hajat', '', NULL, '2020-02-05 17:33:05', '2020-02-05 17:33:05', 26, 63),
	(142, 'PT. Marco Tour Travel', 'Tour Travel', 'PT', 'Jl. RA Abusamah', '085213110051', 'pangestusukiyanto@yahoo.com', 'My Ihram', '', NULL, '2020-02-06 09:13:07', '2020-02-06 09:13:07', 30, 137),
	(144, 'PT.Taqwa Cahaya Semesta', 'Tour & Travel', 'PT', 'Jl. Ra Abusamah ', '081277777995', 'gt.travelindonesia@gmail.com', 'My Ihram', '', NULL, '2020-02-06 09:25:00', '2020-02-06 09:25:00', 30, 135),
	(149, 'PT.RUMAHA INSAN BAROKAH', 'Tour & Travel', 'PT', 'Jl. Demang Lebar Daun', '087115736789', '1001insantravel@gmail.com', 'My Ihram', '', NULL, '2020-02-06 10:24:00', '2020-02-06 10:24:00', 30, 135),
	(150, 'TOKO BENTENG MAS BANGUNAN', 'BAHAN BANGUNAN', 'Perorangan', 'depan pakar, Jl. Kapten Piere Tendean, batu alam, Baruga, Kota Kendari, Sulawesi Tenggara', '085338953333', 'stefi88kdi@gmail.com', 'My Faedah', '', 'IMG_20200206_114603.jpg', '2020-02-06 10:56:29', '2020-02-06 10:56:29', 19, 212),
	(152, 'Faira Interior', 'Interior Design', 'PD', 'Jl Revolusi No. 36', '081346319020', 'Khairilanwar@outlook.com', 'My Faedah', '', NULL, '2020-02-06 15:57:19', '2020-02-06 15:57:19', 34, 90),
	(153, 'AZIZAH SYARIAH HOTEL', 'Syariah Hotel', 'Perorangan', 'Jl.D.I Panjaitan No.100 Kendari - sulawesi tenggara', '085255573795', 'info@azizahsyariahhotel.com', 'My Hajat', '', 'IMG_20200206_150229_1.jpg', '2020-02-06 16:39:28', '2020-02-06 16:39:28', 19, 212),
	(154, 'pt karsa  pelita wisata ', 'jasa', 'PT', 'jl ciputat raya pondok pinang kebayoran lama', '0217697376', 'info@pelitawisata.com', 'My Ihram', '', NULL, '2020-02-06 17:17:25', '2020-02-06 17:17:25', 26, 63),
	(155, 'toko kaca rohis', 'barang ', 'Perorangan', 'jl raya panjang kebayoran lama', '0816833706', 'rohiskaca@gmail.com', 'My Faedah', '', NULL, '2020-02-06 17:19:33', '2020-02-06 17:19:33', 26, 63),
	(157, 'tb eden jaya', 'jasa', 'Perorangan', 'petukangan', '089512475852', 'tbedenjaya@gmail.com', 'My Faedah', '', NULL, '2020-02-06 17:29:17', '2020-02-06 17:29:17', 26, 161),
	(158, 'tb multi guna', 'Bahan bangunan', 'Perorangan', 'petukangan', '0215636478', 'tbmultiguna@gmail.com', 'My Faedah', '', NULL, '2020-02-06 17:30:02', '2020-02-06 17:30:02', 26, 161),
	(159, 'UD ELOK', 'Bahan bangunan', 'Perorangan', 'JL SENGGRAHAN', '087876102808', 'udelok@gmail.com', 'My Faedah', '', NULL, '2020-02-06 17:31:09', '2020-02-06 17:31:09', 26, 161),
	(160, 'ratu catering', 'WEDDING PACKAGE', 'Perorangan', 'petukangan', '081295625241', 'ratucatering@gmail.com', 'My Hajat', '', NULL, '2020-02-06 17:32:03', '2020-02-06 17:32:03', 26, 161),
	(161, 'rumah pengantin DEAR', 'WEDDING PACKAGE', 'Perorangan', 'petukangan', '089652406408', 'rumahpengantin@gmail.com', 'My Hajat', '', NULL, '2020-02-06 17:33:18', '2020-02-06 17:33:18', 26, 161),
	(163, 'ANEKA JAYA MTR', 'SPAREPART ALAT-ALAT MOTOR,DAN OLI', 'Perorangan', 'JALAN BUDI UTOMO (THR) NO. R 9 KENDARI', '085298277225', 'anekajayamtr@gmail.com', 'My Faedah', '', 'IMG_20200206_1412572.jpg', '2020-02-06 17:36:20', '2020-02-06 17:36:20', 19, 116),
	(164, 'TOKO BENGKEL REMAJA', 'Bahan bangunan', 'Perorangan', 'JALAN A. YANI NO. 125 G-H KENDARI', '085340409789', 'tokobengkelremaja@gmail.com', 'My Faedah', '', 'IMG_20200206_144900.jpg', '2020-02-06 22:17:04', '2020-02-06 22:17:04', 19, 116),
	(165, 'PT. CATUR PUTRAHARMONIS', 'AUTHORIZED DISTRIBUTOR AND WORKSHOP', 'Perorangan', 'JALAN Y. WAYONG NO. 9, KENDARI ', '08114053707', 'jajang.ubadin@catur-putraharmonis.com', 'My Faedah', '', 'IMG-20200129-WA0021.jpg', '2020-02-06 22:25:14', '2020-02-06 22:25:14', 19, 116),
	(172, 'tb cahaya indah', 'Bahan bangunan', 'Perorangan', 'SLIPI PALMERAH', '081294569874', 'indahcahaya@gmail.com', 'My Faedah', '', NULL, '2020-02-07 18:07:28', '2020-02-07 18:07:28', 26, 161),
	(173, 'tb sumber resmi jaya', 'Bahan bangunan', 'Perorangan', 'palmerah', '0215457894', 'resmijaya@gmailo.com', 'My Faedah', '', NULL, '2020-02-07 18:08:20', '2020-02-07 18:08:20', 26, 161),
	(174, 'tb multi jaya', 'Bahan bangunan', 'Perorangan', 'grogol', '089512473356', 'jayamulti@gmail.com', 'My Faedah', '', NULL, '2020-02-07 18:09:15', '2020-02-07 18:09:15', 26, 161),
	(175, 'PT. NUR AL-MUGHNI', 'TOUR AND TRAVEL', 'Perorangan', 'JALAN AHMAD YANI NO. 170 A, WUA-WUA, KENDARI', '04013191530', 'mugnitourtravel@yahoo.com', 'My Ihram', '', 'IMG_20200207_153355.jpg', '2020-02-07 23:18:36', '2020-02-07 23:18:36', 19, 116),
	(176, 'PT CAHAYA ANUGRAH AL MAWADDAH', 'Haji & Umrah', 'PT', 'Puri jambangan baru Blok III No 08 Karah jambangan Surabaya', '085755598599', 'info@intanaya.com', 'My Ihram', '', NULL, '2020-02-08 08:22:25', '2020-02-08 08:22:25', 41, 238),
	(177, 'Princes FA Salon', 'jasa', 'Perorangan', 'Jl H ilyas kekurangan utara', '081999926949', 'princessalon@gmail.com', 'My Hajat', '', NULL, '2020-02-08 08:25:00', '2020-02-08 08:25:00', 26, 63),
	(181, 'Cahya Ningrat Griya Rias', 'Wedding Organizer', 'Perorangan', 'Sawahan Sarimulyo no 4', '0818394002', 'cahyaningratgriyarias@gmail.com', 'My Hajat', '', 'Point_Blur_Jul042018_111516.jpg', '2020-02-08 10:05:42', '2020-02-08 10:06:49', 41, 130),
	(183, 'Sanggar Rias shasha', 'Wedding organizer', 'Perorangan', 'Jl h sapri', '081296421212', 'shasha@gmail.com', 'My Hajat', '', NULL, '2020-02-08 10:43:04', '2020-02-08 10:43:04', 26, 63),
	(184, 'ratu wedding', 'JASA', 'Perorangan', 'kepa duri', '089512473086', 'ratuwedding@gmail.com', 'My Hajat', '', NULL, '2020-02-10 17:50:43', '2020-02-10 17:50:43', 26, 161),
	(185, 'tb sinar jaya', 'JASA', 'Perorangan', 'petukangan', '081291235474', 'jayasinar@gmail.com', 'My Faedah', '', NULL, '2020-02-10 17:51:35', '2020-02-10 17:51:35', 26, 161),
	(186, 'tb alam indah', 'JASA', 'Perorangan', 'petukangan', '089624583674', 'alamindah@gmail.com', 'My Faedah', '', NULL, '2020-02-10 17:52:17', '2020-02-10 17:52:17', 26, 161),
	(187, 'PD BERKAT JAYA', 'Sales, Rental, Sparepart Mesin Fotocopy', 'PD', 'jl Kapten A Rivai No. 85', '082161426550', 'berkatjaya_palembang@yahoo.co.id', 'My Faedah', '', NULL, '2020-02-10 18:19:57', '2020-02-10 18:19:57', 30, 144),
	(188, 'Audira Salon', 'Wedding Organizer', 'PD', 'Jl Purworejo Perum Korem Cluster Kapur No. 100', '082251739060', 'Kusmawatisofyana@outlook.com', 'My Faedah', '', NULL, '2020-02-11 08:08:17', '2020-02-11 08:08:17', 34, 90),
	(189, 'TB P. Kandar', 'Toko Bangunan', 'Perorangan', 'Jl. Kinibalu 1A Surabaya', '081330016369', 'tbpkandar@gmail.com', 'My Faedah', '', 'toko_bangunan.jpg', '2020-02-12 10:22:28', '2020-02-12 10:22:28', 41, 130),
	(190, 'Widodo Dekorasi', 'Wedding Organizer', 'Perorangan', 'Jl. Simo Kwagean gg buntu kidul no 34', '081230773438', 'widododekorasi@gmail.com', 'My Faedah', '', 'WhatsApp_Image_2020-02-12_at_10.32.21.jpeg', '2020-02-12 10:33:27', '2020-02-12 10:33:27', 41, 130),
	(193, 'Adi Riyanto', 'paket usaha makanan dan minuman', 'Perorangan', 'jl tri sukses mandi api talang ratu no.1690', '0819890127', 'adiriyanti.mandiri@gmail.com', 'My Faedah', '', NULL, '2020-02-12 10:57:13', '2020-02-12 10:57:13', 30, 144),
	(194, 'Cv indah keramik', 'Toko bangunan', 'CV', 'Jl raya rungkut no 49', '085102292616', 'wiwinbfis@gmail.com', 'My Faedah', '', '20200212_144640.jpg', '2020-02-12 15:00:19', '2020-02-12 15:00:19', 41, 139),
	(195, 'TB Rawa belong Jaya', 'Material', 'PD', 'Jl palmerah barat', '0215482123', 'materialjaya@gmail.com', 'My Faedah', '', NULL, '2020-02-13 08:23:17', '2020-02-13 08:23:17', 26, 63),
	(196, 'Nayla wedding package', 'Wedding organizer', 'Perorangan', 'Jl pahlawan raya sukabumi selatan', '02153677396', 'naylapackage@gmail.com', 'My Hajat', '', NULL, '2020-02-13 08:28:09', '2020-02-13 08:28:09', 26, 63),
	(197, 'CV Jaya Subur', 'Toko Bangunan', 'CV', 'Jl Karangejo sawah XIV/2 Surabaya', '082143017575', 'yudihermawan354@gmail.com', 'My Hajat', 'lokasi strategis dan cukup besan dan lengkap', 'WhatsApp_Image_2020-02-13_at_08.00.07_(2).jpeg', '2020-02-13 08:36:21', '2020-02-13 08:36:21', 41, 238),
	(198, 'UD Banwa kita', 'Toko Bangunan', 'PD', 'Jln Ketintang 23A Surabaya', '082299112294', 'udbanwakita@gmail.com', 'My Hajat', 'lokasi strategi dan cukup besar dan lengkap', 'WhatsApp_Image_2020-02-13_at_08.00.07_(6).jpeg', '2020-02-13 08:39:06', '2020-02-13 08:39:06', 41, 238),
	(199, 'kelurahan wonokromo', 'publik', 'Perorangan', 'jl wonokromo 253B Surabaya', '087855807819', 'kelurahanwonokromo@gmail.com', 'My Ihram', '', 'WhatsApp_Image_2020-02-13_at_08.42.23.jpeg', '2020-02-13 08:43:06', '2020-02-13 08:43:06', 41, 238),
	(200, 'ibu rokim', 'RW', 'Perorangan', 'jl wonokromo surabaya', '08988494987', 'wonokromorw@gmail.com', 'My Ihram', '', 'WhatsApp_Image_2020-02-13_at_08.00.08_(2).jpeg', '2020-02-13 08:44:58', '2020-02-13 08:44:58', 41, 238),
	(201, 'SMART UMROH/DREAM TOUR AND TRAVEL', 'TRAVEL UMROH', 'PT', 'jl mahligai km 7', '081350488878', 'smartumroh@gmail.com', 'My Ihram', '', NULL, '2020-02-13 16:07:30', '2020-02-13 16:07:30', 3, 35),
	(202, 'Dapoer Ummy', 'Catering', 'Perorangan', 'Jl Perdagangan Komp.HKSN Blok 10A No.509???', '081250424200', 'dapur.ummy01@gmail.com???', 'My Faedah', '', NULL, '2020-02-13 16:31:47', '2020-02-13 16:31:47', 3, 186),
	(203, 'anjas pelaminan', 'pernikahan', 'Perorangan', 'jl tanah seratus ciledug', '081363896685', 'anjas@gmail.com', 'My Hajat', '', NULL, '2020-02-13 17:25:36', '2020-02-13 17:25:36', 26, 63),
	(204, 'gia salon & wedding organizer', 'pernikahan', 'Perorangan', 'jl tanah seratus ciledug', '0217309532', 'giasalon@gmail.com', 'My Hajat', '', NULL, '2020-02-13 17:32:53', '2020-02-13 17:32:53', 26, 63),
	(205, 'TOKO SINAR JAYA POLYGON', 'PERDAGANGAN BARANG (SEPEDA)', 'Perorangan', 'JL MT HARIYONO KOTA KENDARI', '081355282518', 'sinarjaya_kdi@yahoo.com', 'My Faedah', 'distributor resmi', 'WhatsApp_Image_2020-02-11_at_16.45.38.jpeg', '2020-02-14 07:34:59', '2020-02-14 07:34:59', 19, 103),
	(206, 'Tenda betawi ', 'Wedding organizer', 'Perorangan', 'Jl raya joglo rt 02', '0215840836', 'tendabetawi@gmail.com', 'My Hajat', '', NULL, '2020-02-14 17:10:30', '2020-02-14 17:10:30', 26, 63),
	(207, 'UD Mulia Jaya', 'Material', 'PD', 'Jl raya joglo rt 02', '0215847840', 'muliajaya@gmail.com', 'My Faedah', '', NULL, '2020-02-14 17:12:50', '2020-02-14 17:12:50', 26, 63),
	(208, 'PT.kemang nusantara travel', 'jasa', 'PT', 'Ruko victoria jl bintaro utama', '081383332999', 'kemangtravel@gmail.com', 'My Ihram', '', NULL, '2020-02-17 17:41:58', '2020-02-17 17:41:58', 26, 63),
	(209, 'Toko cahaya pare pare', 'Material', 'PD', 'Jl panjang no 8B jakarta barat', '0215322237', 'cahayaparepar@gmail.com', 'My Faedah', '', NULL, '2020-02-17 17:43:25', '2020-02-17 17:43:25', 26, 63),
	(210, 'PT iman arafah travel ', 'jasa', 'PT', 'Ruko icon jl Meruya illir raya', '085211903479', 'encup55@gmail.com', 'My Ihram', '', NULL, '2020-02-18 17:22:37', '2020-02-18 17:22:37', 26, 63),
	(211, 'Tb puri kencana', 'Bahan bangunan', 'Perorangan', 'Sukabumi utara', '089511234789', 'kencana29@gmail.com', 'My Faedah', '', NULL, '2020-02-18 18:15:09', '2020-02-18 18:15:09', 26, 161),
	(212, 'Tb sumber jaya', 'Bahan bangunan', 'Perorangan', 'Rawa belong', '081275625689', 'sumberjaya@gmail.com', 'My Faedah', '', NULL, '2020-02-18 18:16:03', '2020-02-18 18:16:03', 26, 161),
	(213, 'Tb sampurna jaya', 'Bahan bangunan', 'Perorangan', 'Rawa belong', '081276544890', 'sampurnajaya@gmail.com', 'My Faedah', '', NULL, '2020-02-18 18:17:23', '2020-02-18 18:17:23', 26, 161),
	(214, 'Mebel soteria', 'Mebel', 'Perorangan', 'Jalan kapas krampung no 102B, surabaya', '08123520790', 'hoiriya.sby@gmail.com', 'My Faedah', '', 'IMG_20200219_123545.jpg', '2020-02-19 13:25:53', '2020-02-19 20:56:05', 41, 237),
	(215, 'Mebel selalu jaya', 'Mebel', 'Perorangan', 'Jalan kapas krampung 116a', '0315034263', 'kapasbaru@gmail.com', 'My Faedah', '', 'IMG_20200219_122759.jpg', '2020-02-19 13:28:25', '2020-02-19 13:28:25', 41, 237),
	(216, 'Success furniture', 'Mebel', 'Perorangan', 'Jalan kapas krampung no 94, surabaya', '08123113383', 'success@gmail.com', 'My Faedah', '', 'IMG_20200219_125042.jpg', '2020-02-19 13:30:04', '2020-02-19 20:57:39', 41, 237),
	(217, 'Ud sumber abadi', 'Toko bangunan', 'Perorangan', 'Jl.bratang binangun no 15 surabaya', '0315026472', 'titikcita.bfis@gmail.com', 'My Faedah', '', '20200219_143536.jpg', '2020-02-19 14:36:07', '2020-02-19 14:36:07', 41, 139),
	(218, 'Ud bahagia', 'Toko bangunan', 'Perorangan', 'Jl.kampung malang tengah 1 no 50', '082140723000', 'abdulrokim.bfis@gmail.com', 'My Faedah', '', '20200219_143830.jpg', '2020-02-19 14:39:13', '2020-02-19 14:39:13', 41, 139),
	(219, 'UD Kurnia jaya', 'Toko Bangunan', 'PD', 'jl sidosemo 1 surabaya', '0318490357', 'kurniajaya01@gmail.com', 'My Hajat', '', 'WhatsApp_Image_2020-02-19_at_16.25.25_(6).jpeg', '2020-02-19 16:35:50', '2020-02-19 16:35:50', 41, 238),
	(220, 'UD Karunia jaya', 'Toko Bangunan', 'PD', 'jl sidosemo jagir surabaya', '085604848924', 'karuniajaya02@gmail.com', 'My Hajat', '', 'WhatsApp_Image_2020-02-19_at_16.25.25_(2).jpeg', '2020-02-19 16:37:42', '2020-02-19 16:37:42', 41, 238),
	(221, 'salon olive', 'Wedding Organizer', 'Perorangan', 'jl sidosemo jagir wonokromo surabaya', '087853463300', 'olive03@gmail.com', 'My Faedah', '', 'WhatsApp_Image_2020-02-19_at_16.25.25_(4).jpeg', '2020-02-19 16:39:51', '2020-02-19 16:39:51', 41, 238),
	(222, 'salon diva', 'Wedding Organizer', 'Perorangan', 'jl gambeli raya surabaya', '081217719795', 'diva04@gmail.com', 'My Faedah', '', 'WhatsApp_Image_2020-02-19_at_16.25.25_(1).jpeg', '2020-02-19 16:41:53', '2020-02-19 16:41:53', 41, 238),
	(223, 'Kelurahan kalisari', 'Kelurahan', 'Perorangan', 'Jalan mulyosari tengah 7/76', '0315935654', 'kalisari@gmail.com', 'My Hajat', '', 'SAVE_20200219_164031.jpg', '2020-02-19 16:41:53', '2020-02-19 16:41:53', 41, 237),
	(224, 'banua mas', 'Toko Bangunan', 'PD', 'jl karah agung h 29 surabaya', '0856499919', 'banuamas05@gmail.com', 'My Faedah', '', 'WhatsApp_Image_2020-02-13_at_08.00.07_(2)1.jpeg', '2020-02-19 16:45:54', '2020-02-19 16:45:54', 41, 238),
	(225, 'Tb utama jaya', 'barang', 'Perorangan', 'Jl raden saleh karang tengah', '0217304932', 'utamajaya@gmail.com', 'My Faedah', '', NULL, '2020-02-19 17:25:52', '2020-02-19 17:25:52', 26, 63),
	(226, 'UD Arta Keramii', 'Toko bangunan', 'PD', 'Jalan putro agung ', '07866818889', 'artakeramik@gmail.com', 'My Hajat', '', 'IMG_20200217_123028.jpg', '2020-02-19 19:39:43', '2020-02-19 19:39:43', 41, 237),
	(227, 'UD Gajah Mada', 'Toko bahan bangunan', 'PD', 'Jalan kebalen timur 90', '085106556655', 'gajahmada@gmail.com', 'My Hajat', '', 'IMG_20200212_1206491.jpg', '2020-02-19 19:42:44', '2020-02-19 19:42:44', 41, 237),
	(228, 'Wedding Tasya ', 'Wedding', 'Perorangan', 'Jalan platuk 100', '081249961116', 'tasya@gmail.com', 'My Faedah', '', 'IMG_20200211_190824.jpg', '2020-02-19 19:45:29', '2020-02-19 19:45:29', 41, 237),
	(229, 'UD Bahagia', 'Toko bahan bangunan', 'PD', 'Jalan kebalen timur ', '0313735866', 'bahagia@gmail.com', 'My Hajat', '', 'IMG_20200211_193931.jpg', '2020-02-19 19:47:53', '2020-02-19 19:47:53', 41, 237),
	(230, 'UD Sinar Harapan ', 'Toko bahan bangunan', 'PD', 'Jalan kenjeran 383, surabaya', '085102888383', 'sinarharapan@gmail.com', 'My Hajat', '', 'IMG_20200211_1330522.jpg', '2020-02-19 20:40:08', '2020-02-19 20:40:08', 41, 237),
	(231, 'UD Morodadi', 'Toko bahan bangunan', 'PD', 'Jalan kenjeran 417, surabaya', '081236075434', 'morodadi@gmail.com', 'My Hajat', '', 'IMG_20200211_134710.jpg', '2020-02-19 20:42:21', '2020-02-19 20:42:21', 41, 237),
	(232, 'Kelurahan gembong', 'Kelurahan', 'PT', 'Jalan gembong gang VI balai RW', '081331626314', 'kelurahangembong@gmail.com', 'My Hajat', '', 'IMG_20200210_193219.jpg', '2020-02-19 20:46:10', '2020-02-19 20:46:10', 41, 237),
	(233, 'UD Mandiri Utama', 'Toko bahan bangunan', 'PD', 'Jalan kalimas baru no 2, surabaya', '085106191199', 'mandiriutama@gmail.com', 'My Hajat', '', 'IMG_20200212_121327.jpg', '2020-02-19 20:50:56', '2020-02-19 20:50:56', 41, 237),
	(234, 'Wedding Puspa', 'Wedding', 'Perorangan', 'Jalan wonokusumo no 27, surabaya', '087852127799', 'puspa@gmail.com', 'My Faedah', '', 'IMG_20200207_124041.jpg', '2020-02-19 21:00:49', '2020-02-19 21:00:49', 41, 237),
	(235, 'Kelurahan kemayoran', 'Kelurahan', 'PT', 'Jalan krembangan baru no 49, surabaya', '0313522396', 'kelurahankemayoran@gmail.com', 'My Hajat', '', 'IMG_20200205_120947.jpg', '2020-02-19 21:04:08', '2020-02-19 21:04:08', 41, 237),
	(236, 'Kelurahan perak barat', 'Kelurahan', 'PT', 'Jalan ikan doran 17-19, surabaya', '0313540528', 'perakbarat@gmail.com', 'My Hajat', '', 'IMG_20200205_102540.jpg', '2020-02-19 21:06:48', '2020-02-19 21:06:48', 41, 237),
	(237, 'TOKO MEUBEL JATI RAYA ', 'MEUBEL', 'Perorangan', 'JL. M.T. HARYONO NO.26, ANAIWOI, KEC. KADIA, KOTA KENDARI, SULAWESI TENGGARA 93117', '082396552999', 'meubeljatiraya@gmail.com', 'My Faedah', '', 'WhatsApp_Image_2020-02-19_at_5.37.26_PM.jpeg', '2020-02-19 22:43:21', '2020-02-19 22:43:21', 19, 116),
	(238, 'TOKO ALYA FURNITURE ', 'FURNITURE', 'Perorangan', 'TIPULU, KENDARI BARAT, KOTA KENDARI, SULAWESI TENGGARA 93873', '085256246650', 'alyafurniture@mail.com', 'My Faedah', '', 'WhatsApp_Image_2020-02-19_at_5.42.45_PM.jpeg', '2020-02-19 22:50:00', '2020-02-19 22:50:00', 19, 116),
	(239, 'Sumber pembangunan', 'Material', 'Perorangan', 'Jl panjang cidodol', '085100601501', 'sumberbangun@gmail.com', 'My Faedah', '', NULL, '2020-02-20 15:58:40', '2020-02-20 15:58:40', 26, 63),
	(240, 'PT. AKBAR ANUGERAH ABADI KENDARI ', 'INDUSTRIAL METAL, GALVALUM, GALVANIS ', 'PT', 'JALAN BANAWULA SINAPOY, POASIA, KENDARI', '081354821134', 'marketing.ptaaakendari@gmail.com', 'My Faedah', '', 'WhatsApp_Image_2020-02-18_at_1.56.59_PM.jpeg', '2020-02-21 19:26:13', '2020-02-21 19:26:13', 19, 116),
	(241, 'TOKO PELITA INDAH ', 'SPAREPART & MESIN KAPAL LAUT ', 'Perorangan', 'JALAN KONGGOASA NO. 84 - 86, KENDARI ', '081341556669', '', 'My Faedah', '', 'WhatsApp_Image_2020-02-11_at_2.04.28_PM.jpeg', '2020-02-23 22:40:31', '2020-02-23 22:40:31', 19, 116),
	(242, 'ADIZAH ', 'CATHERING &  WEDDING ORGANIZER', 'Perorangan', 'BYPASS, JL. LAODE HADI, BENDE, KEC. KADIA, KOTA KENDARI, SULAWESI TENGGARA 93461', '081356884157', '', 'My Faedah', '', 'WhatsApp_Image_2020-02-23_at_11.56.23_PM.jpeg', '2020-02-23 22:58:32', '2020-02-23 22:58:32', 19, 116),
	(243, 'MAXCELL DEPO TEKNIK & BANGUNAN ', 'DEPO TEKNIK & BANGUNAN ', 'CV', 'JL. BRIGJEND MADJIED JOENOES NO. 149-159, BONGGOEYA, WUA-WUA, KOTA KENDARI, SULAWESI TENGGARA 93117', '04013192000', 'maxcell_dpt@maxcell.co.id', 'My Faedah', '', 'WhatsApp_Image_2020-02-24_at_12.09.25_AM.jpeg', '2020-02-23 23:10:58', '2020-02-23 23:10:58', 19, 116),
	(244, 'ZAHRA SYARIAH HOTEL KENDARI ', 'WEDDING ORGANIZER ', 'PT', 'JL. EDI SABARA NO. 1 A BY PASS, BENDE, KORUMBA, KENDARI, SULAWESI TENGGARA 93121', '08114054440', '', 'My Faedah', '', 'Zahra-Hotel.jpg', '2020-02-23 23:18:32', '2020-02-23 23:18:32', 19, 116),
	(245, 'tb ganda makmur', 'Bahan bangunan', 'Perorangan', 'jl raden saleh no 89a', '082168609079', 'gandamakmur@gmail.com', 'My Faedah', '', NULL, '2020-02-24 17:37:15', '2020-02-24 17:37:15', 26, 63),
	(246, 'pd bina karya', 'toko besi dan bahan bangunan', 'PD', 'jl karang mulya ', '087788171771', 'kayrabina@gmail.com', 'My Faedah', '', NULL, '2020-02-24 17:38:26', '2020-02-24 17:38:26', 26, 63),
	(247, 'tb cahaya', 'bahan bangunan', 'Perorangan', 'jl raden saleh no 63', '087880020076', 'cahayabangunan@gmail.com', 'My Faedah', '', NULL, '2020-02-24 17:39:27', '2020-02-24 17:39:27', 26, 63),
	(248, 'Medan Syariah', 'Pembiayaan', 'PT', 'Jl Ir H Juanda Baru No. 26 Kel. Suka Damai Kec. Medan Polonia Kota Medan', '0614514232', 'bfisyariahmedan@gmail.com', 'My Ihram', 'Partnership Dummy, dibuat untuk input database dari one to many', 'Picture_Medan.jpg', '2020-02-26 09:17:06', '2020-02-26 09:18:31', 25, 140),
	(249, 'UD Adji Jaya', 'Toko bangunan ', 'PD', 'Jl banjar melati no 34 surabaya ', '082230850966', 'adjijaya08@gmail.com', 'My Hajat', '', 'IMG_20200226_110525.jpg', '2020-02-26 12:09:56', '2020-02-26 12:09:56', 41, 238),
	(250, 'UD Nuansa', 'Toko bangunan ', 'PD', 'Jl raya lidah kulon 18 surabaya ', '08123092313', 'nuansa09@gmail.com', 'My Hajat', '', 'IMG_20200226_112018.jpg', '2020-02-26 12:11:24', '2020-02-26 12:11:24', 41, 238),
	(251, 'UD Rahayu', 'Toko bangunan ', 'PD', 'Jl menganti sepat lidah kulon 25 surabaya ', '081224252588', 'rahayu10@gmail.com', 'My Hajat', '', 'IMG_20200226_111430.jpg', '2020-02-26 12:13:24', '2020-02-26 12:13:24', 41, 238),
	(252, 'TB Sugih lancar', 'Toko bangunan ', 'PD', 'Jl lidah kulon 16 surabaya ', '085100477763', 'sugihlancar11@gamil.com', 'My Hajat', '', 'IMG_20200226_112235.jpg', '2020-02-26 12:16:11', '2020-02-26 12:16:11', 41, 238),
	(253, 'UD Rumah jaya ', 'Toko bangunan ', 'PD', 'Jl raya menganti 108 surabaya ', '081330256161', 'rumahjaya12@gmail.com', 'My Hajat', '', 'IMG_20200226_110641.jpg', '2020-02-26 12:18:52', '2020-02-26 12:18:52', 41, 238),
	(254, 'UD Anugrah Bangunan', 'Toko Bangunan', 'Perorangan', 'Jalan baliwerti 98 surabaya', '0315451819', 'anugrah@gmail.com', 'My Hajat', '', 'IMG_20200226_150051.jpg', '2020-02-26 15:04:55', '2020-02-26 15:04:55', 41, 237),
	(255, 'UD Delta Bangunan', 'Toko Bangunan', 'Perorangan', 'Jalan baliwerti 68 II surabaya', '03122158866', 'delta@gmail.com', 'My Hajat', '', 'IMG_20200226_150129.jpg', '2020-02-26 15:06:16', '2020-02-26 15:06:16', 41, 237),
	(256, 'Tb suru citra abadi', 'Material', 'Perorangan', 'Jl sukabumi selatan', '085211375042', 'suryaabadi@gmail.com', 'My Faedah', '', NULL, '2020-02-26 16:23:06', '2020-02-26 16:23:06', 26, 63),
	(257, 'Kelurahan Banyu Urip', 'Kelurahan', 'Perorangan', 'Banyu Urip Kidul IV no 39', '085101922966', 'kelurahanbanyuurip@surabaya.go.id', 'My Ihram', 'Kelurahan BanyU Urip mapping one to many PIC bu Wiwik', 'IMG202026020004.jpg', '2020-02-27 08:19:04', '2020-02-27 08:19:04', 41, 130),
	(258, 'HIMALAYA KOMPUTER ', 'KOMPUTER ', 'Perorangan', 'JL. H.E.A. MOKODOMPIT NO.4 ', '085241777662', '', 'My Faedah', '', 'WhatsApp_Image_2020-02-26_at_3.11.21_PM.jpeg', '2020-02-27 08:28:17', '2020-02-27 08:28:17', 19, 116),
	(259, 'ERHAN KOMPUTER ', 'KOMPUTER', 'Perorangan', 'JL. JEND. A.H NASUTION NO.39 ', '04013910028', 'erhan_computer@yahoo.com', 'My Faedah', '', 'WhatsApp_Image_2020-02-26_at_3.12.52_PM.jpeg', '2020-02-27 08:31:42', '2020-02-27 08:31:42', 19, 116),
	(260, 'TOKO HARAPAN BARU ', 'BAHAN BANGUNAN ', 'Perorangan', 'JL. BUNGGASI NO. 19, ANDUONOHU, POASIA, KOTA KENDARI, SULAWESI TENGGARA 93231', '081355183013', '', 'My Faedah', '', 'WhatsApp_Image_2020-02-27_at_9.38.34_AM.jpeg', '2020-02-27 08:39:29', '2020-02-27 08:39:29', 19, 116),
	(261, 'tb syukur jaya', 'jasa', 'Perorangan', 'jl salam 1 no 38A rawa belong', '02153678502', 'tbsyukurjaya@gmail.com', 'My Faedah', '', NULL, '2020-02-27 09:37:30', '2020-02-27 09:37:30', 26, 161),
	(262, 'tb gunung jaya', 'jasa', 'Perorangan', 'jl joglo', '02152651421', 'gunungjaya@gmail.com', 'My Faedah', '', NULL, '2020-02-27 09:42:16', '2020-02-27 09:42:16', 26, 161),
	(263, 'RW 06', 'Sosialisasi ', 'Perorangan', 'Jl dukuh pakis 01 surabaya ', '081226572328', 'indrarw06@gmail.com', 'My Hajat', '', 'IMG_20200227_112151.jpg', '2020-02-27 13:28:44', '2020-02-27 13:28:44', 41, 238),
	(264, 'RW 01', 'Sosialisasi ', 'Perorangan', 'Jl dukuh pakis 2 no 20 surabaya ', '085853192705', 'agusrw01@gmail.com', 'My Hajat', '', 'IMG_20200227_112848.jpg', '2020-02-27 13:31:09', '2020-02-27 13:31:09', 41, 238),
	(265, 'Balai RT 04', 'Sosialisasi ', 'Perorangan', 'Jl dukuh pakis II kelurahan pakis kecamatan pakis surabaya ', '0315611803', 'rt04dukuhpakis@gmail.com', 'My Hajat', '', 'IMG_20200227_112949.jpg', '2020-02-27 13:35:03', '2020-02-27 13:35:03', 41, 238),
	(266, 'RT 02', 'Sosialisasi ', 'Perorangan', 'Jl dukuh pakis III surabaya ', '085732572344', 'rw02dukuhpakis@gamil.com', 'My Hajat', '', 'IMG_20200212_115414.jpg', '2020-02-27 13:37:44', '2020-02-27 13:37:44', 41, 238),
	(267, 'RW 05', 'Sosialisasi ', 'Perorangan', 'Jl Wonokromo kelurahan jagir surabaya ', '083854950450', 'rw05jagirsurabaya@gmail.com', 'My Hajat', '', 'IMG_20200220_124729.jpg', '2020-02-27 13:40:28', '2020-02-27 13:40:28', 41, 238),
	(268, 'PAUD RW 4 kel banyu urip', 'Kelurahan', 'Perorangan', 'Banyu urip kidul II no 37', '081366372143', 'paudananda@gmail.com', 'My Hajat', 'Paud ananda rw 4 kel banyu urip PIC bu ina', 'IMG202026020005.jpg', '2020-02-27 15:10:49', '2020-02-27 15:10:49', 41, 130),
	(269, 'Mitra graha', 'Toko bangunan ', 'PD', 'Jl menganti wiyung surabaya ', '081230333588', 'mitrahraha20@gmail.com', 'My Hajat', '', 'IMG_20200227_142627.jpg', '2020-02-27 16:43:36', '2020-02-27 16:43:36', 41, 238),
	(270, 'RW 4 Kel Banyu Urip', 'Kelurahan', 'Perorangan', 'Banyu urip kidul VIII', '081259958947', 'rw4banyuurip@gmail.com', 'My Ihram', '', 'IMG2020260200051.jpg', '2020-02-27 16:59:33', '2020-02-27 16:59:33', 41, 130),
	(271, 'Kelurahan manyar', 'publik', 'Perorangan', 'Jl. Manyar Kertoadi 1 Surabaya, Manyar Sabrangan, Kec. Mulyorejo, Kota SBY, Jawa Timur 60116', '081220754281', 'kelurahanmanyarsby@gmail.com', 'My Ihram', 'sosialisasi tgl 21 maret', 'manyar_sabrangan.png', '2020-02-27 17:15:54', '2020-02-27 17:37:58', 41, 139),
	(272, 'Kelurahan Gebang Putih', 'publik', 'Perorangan', 'Jl. Gebang Putih No.62, Gebang Putih', '087853386594', 'kelurahangebangputih@gmail.com', 'My Ihram', '', 'gebang_putih.png', '2020-02-27 17:20:24', '2020-02-27 17:20:24', 41, 139),
	(273, 'Persada Duta Beliton', 'Travel Umroh', 'PT', 'Diponegoro 48B', '0315624688', 'persadaindonesia@gmail.com', 'My Ihram', '', 'IMG202027020003.jpg', '2020-02-27 17:23:31', '2020-02-27 17:23:31', 41, 130),
	(274, 'rian salon', 'jasa', 'Perorangan', 'jl peninggaran kebayoran lama', '08129247469', 'riansalon@gmail.com', 'My Hajat', '', NULL, '2020-02-27 17:34:01', '2020-02-27 17:34:01', 26, 63),
	(275, 'PT IMAN ARAFAH TRAVEL', 'TRAVEL UMROH', 'PT', 'RUKO ICON 21 B3, JL MERUYA ILIR RAYA RT 08 RW 7 ', '02122549932', 'iman.arafahtravel@gmail.com', 'My Ihram', '', NULL, '2020-02-27 17:39:01', '2020-02-27 17:39:01', 26, 63),
	(276, 'kelurahan menur pumpungan', 'publik', 'Perorangan', 'Jl. Manyar Jaya III No.1, Menur Pumpungan, Kec. Sukolilo, Kota SBY', '081333516742', 'kelurahanmenurpumpungan@gmail.com', 'My Ihram', 'sosialisasi 28 februari', 'menur_pumpungan.png', '2020-02-27 17:39:36', '2020-02-27 17:39:36', 41, 139),
	(277, 'Kelurahan dukuh pakis', 'Sosialisasi ', 'Perorangan', 'Jl dukuh pakis surabaya ', '081226258870', 'kelurahandukuhpakis@gmail.com', 'My Hajat', '', 'IMG_20200228_101612.jpg', '2020-02-28 15:30:43', '2020-02-28 15:30:43', 41, 238),
	(278, 'Kelurahan jagir Wonokromo ', 'Sosialisasi ', 'Perorangan', 'Jl jagir Wonokromo surabaya ', '085100004950', 'askurjagir@gnail.com', 'My Hajat', '', 'IMG_20200228_101630.jpg', '2020-02-28 15:40:07', '2020-02-28 15:40:07', 41, 238),
	(279, 'PT. Berkah Catering', 'Wedding Organizer', 'PT', 'Royal plaza', '082245508338', 'berkahcatering@gmail.com', 'My Faedah', '', 'lokasi_kantor.jpg', '2020-02-28 16:14:25', '2020-02-28 16:14:25', 41, 139),
	(280, 'putri kirana WO', 'Wedding Organizer', 'Perorangan', 'Karangrejo 6 Surabaya', '081330292041', 'putrikiranaweddingorganizer@gmail.com', 'My Faedah', '', 'foto_dengan_owner.jpg', '2020-02-28 16:21:15', '2020-02-28 16:21:15', 41, 139),
	(281, 'PT PLN', 'PT', 'PT', 'Jalan gemblongan 64', '0315345976', 'pln.sby@gmail.com', 'My Faedah', '', 'IMG_20200228_080732.jpg', '2020-02-29 05:36:28', '2020-02-29 05:36:28', 41, 237),
	(282, 'UD Mebel Redjeki', 'Mebel', 'Perorangan', 'Jalan gemblongan', '081230991993', 'mebelredjeki@gmail.com', 'My Faedah', '', 'IMG_20200228_084534.jpg', '2020-02-29 05:38:21', '2020-02-29 05:38:21', 41, 237),
	(283, 'UD Fortuna Mebel', 'Mebel', 'Perorangan', 'Jalan gemblongan 54 surabaya', '0315314593', 'mebelfortuna@gmail.com', 'My Faedah', '', 'IMG_20200228_084739.jpg', '2020-02-29 05:42:14', '2020-02-29 05:42:14', 41, 237),
	(284, 'UD Fortuna Mebel', 'Mebel', 'Perorangan', 'Jalan gemblongan 54 surabaya', '0316495264', 'mebelfortuna.sby@gmail.com', 'My Faedah', '', 'IMG_20200228_0847391.jpg', '2020-02-29 05:45:14', '2020-02-29 05:45:14', 41, 237),
	(285, 'UD Mebel Riken', 'Mebel', 'Perorangan', 'Jalan kedung mangu no 80 surabaya', '081703913232', 'mebelriken.sby@gmail.com', 'My Faedah', '', 'IMG_20200227_152600.jpg', '2020-02-29 05:48:34', '2020-02-29 05:48:34', 41, 237),
	(286, 'UD sumber mulia', 'Mebel', 'Perorangan', 'Jalan putro agung kulon no 3a-3b surabaya', '0313723444', 'mebelsumbermulia@gmail.com', 'My Faedah', '', 'IMG_20200227_102712.jpg', '2020-02-29 05:56:37', '2020-02-29 05:56:37', 41, 237),
	(287, 'Toko Sumber Rejeki', 'Toko bangunan', 'Perorangan', 'Jalan randu 64 surabaya', '0313576899', 'sumberrejeki.sby@gmail.com', 'My Faedah', '', 'IMG_20200227_152229.jpg', '2020-02-29 05:58:56', '2020-02-29 05:58:56', 41, 237),
	(288, 'Toko sinar mulia', 'Toko bangunan', 'Perorangan', 'Jl. Klampis Semolo Timur XII No.14, Semolowaru, Kec. Sukolilo,', '081331759597', 'tokobangunansinarmulia@gmail.com', 'My Hajat', '', 'unnamed.jpg', '2020-02-29 07:48:46', '2020-02-29 07:48:46', 41, 139),
	(289, 'Toko berkat karunia', 'Toko bangunan', 'Perorangan', 'Jl. Rungkut Asri Utara XIII No.18, Kali Rungkut, Kec. Rungkut', '08192540722', 'tokoberkatkarunia@gmail.com', 'My Faedah', '', '2016-10-19.jpg', '2020-02-29 07:59:12', '2020-02-29 07:59:12', 41, 139),
	(290, 'Sumber bangunan', 'Toko bangunan', 'Perorangan', 'Jl. Rungkut Madya No.197, Rungkut', '0818501970', 'sumberbangunan@gmail.com', 'My Faedah', '', 'unnamed.png', '2020-02-29 08:10:10', '2020-02-29 08:10:10', 41, 139),
	(291, 'Sumber rizki', 'Toko bangunan', 'Perorangan', 'Jl. Raya Wonorejo No.33-34', '083833333090', 'sumberrizki@gmail.com', 'My Hajat', '', 'unnamed_(1).jpg', '2020-02-29 09:47:01', '2020-02-29 09:47:01', 41, 139),
	(292, 'TB Mitra Graha', 'Toko Bangunan', 'Perorangan', 'Jalan banyu urip kidul x', '081232000446', 'tbmitragraha@gmail.com', 'My Faedah', '', NULL, '2020-02-29 10:18:21', '2020-02-29 10:18:21', 41, 130),
	(293, 'Kelurahan panjang jiwo', 'Kelurahan', 'Perorangan', 'Jl. Raya Saronojiwo No.45, Panjang Jiwo', '08733539876', 'kelurahanpanjangjiwo@gmail.com', 'My Ihram', '', 'images_(3).jpeg', '2020-02-29 10:37:33', '2020-02-29 10:37:33', 41, 139);
/*!40000 ALTER TABLE `mapping_partners` ENABLE KEYS */;

-- Dumping structure for table u5487321_partner.modules
CREATE TABLE IF NOT EXISTS `modules` (
  `branch_active` int(1) NOT NULL DEFAULT 0,
  `user_active` int(1) DEFAULT 0,
  `leads_active` int(1) DEFAULT 0,
  `kerjasama_active` int(1) DEFAULT 0,
  `assignment_active` int(1) DEFAULT 0,
  `nst_active` int(1) DEFAULT 0,
  `transfer_active` int(1) DEFAULT 0,
  `product_active` int(1) DEFAULT 0,
  `approval_bonus_active` int(1) DEFAULT 0,
  `id_user` int(11) DEFAULT 0,
  UNIQUE KEY `id_user` (`id_user`)
) ENGINE=InnoDB DEFAULT CHARSET=utf8mb4 ROW_FORMAT=DYNAMIC;

-- Dumping data for table u5487321_partner.modules: ~193 rows (approximately)
/*!40000 ALTER TABLE `modules` DISABLE KEYS */;
INSERT INTO `modules` (`branch_active`, `user_active`, `leads_active`, `kerjasama_active`, `assignment_active`, `nst_active`, `transfer_active`, `product_active`, `approval_bonus_active`, `id_user`) VALUES
	(0, 0, 1, 1, 1, 1, 1, 1, 1, 124),
	(0, 0, 1, 1, 1, 1, 0, 1, 1, 174),
	(0, 0, 1, 1, 1, 1, 0, 1, 1, 192),
	(0, 0, 1, 1, 1, 1, 1, 1, 1, 154),
	(0, 0, 1, 1, 1, 1, 0, 1, 1, 155),
	(0, 0, 1, 1, 1, 1, 0, 1, 1, 156),
	(0, 0, 1, 1, 1, 1, 1, 1, 1, 157),
	(0, 0, 1, 1, 1, 1, 0, 1, 1, 159),
	(0, 0, 1, 1, 1, 1, 0, 1, 1, 220),
	(0, 0, 1, 1, 1, 1, 1, 1, 1, 30),
	(0, 0, 1, 1, 0, 1, 0, 0, 0, 35),
	(0, 0, 1, 1, 1, 1, 0, 1, 1, 186),
	(0, 0, 1, 1, 1, 1, 0, 1, 1, 118),
	(0, 0, 1, 1, 1, 1, 0, 1, 1, 131),
	(0, 0, 0, 0, 0, 0, 0, 0, 0, 153),
	(0, 0, 1, 1, 1, 1, 1, 1, 1, 123),
	(0, 0, 1, 1, 1, 1, 0, 1, 1, 158),
	(0, 0, 1, 1, 1, 1, 1, 1, 1, 160),
	(0, 0, 1, 1, 1, 1, 0, 1, 1, 163),
	(0, 0, 1, 1, 1, 1, 1, 1, 1, 173),
	(0, 0, 1, 1, 1, 1, 0, 1, 1, 188),
	(0, 0, 1, 1, 1, 1, 0, 1, 1, 209),
	(0, 0, 1, 1, 1, 1, 1, 1, 1, 50),
	(0, 0, 1, 1, 1, 1, 0, 1, 1, 53),
	(0, 0, 1, 1, 1, 1, 0, 1, 1, 64),
	(0, 0, 1, 1, 1, 1, 1, 1, 1, 26),
	(0, 0, 1, 1, 1, 1, 0, 1, 1, 32),
	(0, 0, 1, 1, 1, 1, 0, 1, 1, 60),
	(0, 0, 1, 1, 1, 1, 0, 1, 1, 61),
	(0, 0, 1, 1, 1, 1, 1, 1, 1, 62),
	(0, 0, 1, 1, 1, 1, 1, 1, 1, 164),
	(0, 0, 1, 1, 1, 1, 0, 1, 1, 185),
	(0, 0, 0, 0, 1, 1, 0, 1, 1, 227),
	(0, 0, 1, 1, 1, 1, 0, 1, 1, 231),
	(0, 0, 1, 1, 1, 1, 1, 1, 1, 107),
	(0, 0, 1, 1, 1, 1, 0, 1, 1, 169),
	(0, 0, 1, 1, 1, 1, 0, 1, 1, 170),
	(0, 0, 1, 1, 1, 1, 1, 1, 1, 41),
	(0, 0, 1, 1, 0, 1, 0, 0, 0, 54),
	(0, 0, 1, 1, 1, 1, 0, 1, 1, 55),
	(0, 0, 1, 1, 1, 1, 1, 1, 1, 113),
	(0, 0, 1, 1, 1, 1, 0, 1, 1, 114),
	(0, 0, 1, 1, 1, 1, 0, 1, 1, 152),
	(0, 0, 1, 1, 0, 1, 0, 0, 0, 179),
	(0, 0, 1, 1, 0, 1, 0, 0, 0, 200),
	(0, 0, 1, 1, 1, 1, 0, 1, 1, 47),
	(0, 0, 1, 1, 1, 1, 1, 1, 1, 48),
	(0, 0, 1, 1, 1, 1, 0, 1, 1, 65),
	(0, 0, 1, 1, 1, 1, 0, 1, 1, 199),
	(0, 0, 1, 1, 1, 1, 0, 1, 1, 219),
	(0, 0, 1, 1, 1, 1, 1, 1, 1, 86),
	(0, 0, 1, 1, 1, 1, 0, 1, 1, 88),
	(0, 0, 1, 1, 1, 1, 0, 1, 1, 162),
	(0, 0, 1, 1, 1, 1, 0, 1, 1, 202),
	(0, 0, 1, 1, 1, 1, 1, 1, 1, 119),
	(0, 0, 1, 1, 1, 1, 0, 1, 1, 127),
	(0, 0, 1, 1, 1, 1, 0, 1, 1, 134),
	(0, 0, 1, 1, 1, 1, 1, 1, 1, 79),
	(0, 0, 1, 1, 1, 1, 0, 1, 1, 80),
	(0, 0, 1, 1, 1, 1, 0, 1, 1, 183),
	(0, 0, 1, 1, 1, 1, 0, 1, 1, 44),
	(0, 0, 1, 1, 1, 1, 0, 1, 1, 45),
	(0, 0, 1, 1, 1, 1, 0, 1, 1, 191),
	(0, 0, 0, 0, 0, 0, 0, 0, 0, 31),
	(0, 0, 1, 1, 1, 1, 0, 1, 1, 176),
	(0, 0, 1, 1, 1, 1, 0, 1, 1, 177),
	(0, 0, 1, 1, 1, 1, 0, 1, 1, 178),
	(0, 0, 1, 1, 0, 1, 0, 0, 0, 59),
	(0, 0, 1, 1, 1, 1, 1, 1, 1, 121),
	(0, 0, 1, 1, 1, 1, 0, 1, 1, 125),
	(0, 0, 1, 1, 0, 1, 0, 0, 0, 126),
	(0, 0, 1, 1, 1, 1, 0, 1, 1, 147),
	(0, 0, 1, 1, 1, 1, 0, 1, 1, 203),
	(0, 0, 1, 1, 1, 1, 0, 1, 1, 204),
	(0, 0, 1, 1, 1, 1, 0, 1, 1, 92),
	(0, 0, 1, 1, 1, 1, 0, 1, 1, 99),
	(0, 0, 1, 1, 1, 1, 1, 1, 1, 103),
	(0, 0, 1, 1, 1, 1, 0, 1, 1, 116),
	(0, 0, 1, 1, 1, 1, 0, 1, 1, 212),
	(0, 0, 1, 1, 1, 1, 1, 1, 1, 66),
	(0, 0, 1, 1, 1, 1, 0, 1, 1, 67),
	(0, 0, 1, 1, 1, 1, 1, 1, 1, 180),
	(0, 0, 1, 1, 1, 1, 0, 1, 1, 196),
	(0, 0, 1, 1, 1, 1, 0, 1, 1, 197),
	(0, 0, 1, 1, 1, 1, 0, 1, 1, 128),
	(0, 0, 1, 1, 1, 1, 1, 1, 1, 145),
	(0, 0, 1, 1, 1, 1, 0, 1, 1, 165),
	(0, 0, 1, 1, 1, 1, 0, 1, 1, 167),
	(0, 0, 1, 1, 1, 1, 0, 1, 1, 201),
	(0, 0, 1, 1, 1, 1, 0, 1, 1, 230),
	(0, 0, 1, 1, 1, 1, 1, 1, 1, 132),
	(0, 0, 1, 1, 1, 1, 0, 1, 1, 146),
	(0, 0, 1, 1, 1, 1, 0, 1, 1, 150),
	(0, 0, 1, 1, 1, 1, 1, 1, 1, 70),
	(0, 0, 1, 1, 1, 1, 0, 1, 1, 75),
	(0, 0, 1, 1, 1, 1, 0, 1, 1, 182),
	(0, 0, 1, 1, 1, 1, 1, 1, 1, 140),
	(0, 0, 1, 1, 1, 1, 0, 1, 1, 141),
	(0, 0, 1, 1, 1, 1, 0, 1, 1, 142),
	(0, 0, 1, 1, 1, 1, 0, 1, 1, 143),
	(0, 0, 1, 1, 1, 1, 0, 1, 1, 189),
	(0, 0, 1, 1, 1, 1, 0, 1, 1, 211),
	(0, 0, 1, 1, 1, 1, 1, 1, 1, 40),
	(0, 0, 1, 1, 1, 1, 1, 1, 1, 42),
	(0, 0, 1, 1, 0, 1, 0, 0, 0, 63),
	(0, 0, 1, 1, 1, 1, 0, 1, 1, 161),
	(0, 0, 1, 1, 0, 1, 0, 0, 0, 194),
	(0, 0, 1, 1, 1, 1, 0, 1, 1, 71),
	(0, 0, 1, 1, 1, 1, 1, 1, 1, 72),
	(0, 0, 1, 1, 1, 1, 0, 1, 1, 73),
	(0, 0, 1, 1, 1, 1, 1, 1, 1, 108),
	(0, 0, 1, 1, 1, 1, 0, 1, 1, 148),
	(0, 0, 1, 1, 1, 1, 0, 1, 1, 149),
	(0, 0, 1, 1, 1, 1, 0, 1, 1, 187),
	(0, 0, 1, 1, 1, 1, 1, 1, 1, 83),
	(0, 0, 1, 1, 1, 1, 0, 1, 1, 100),
	(0, 0, 1, 1, 1, 1, 0, 1, 1, 101),
	(0, 0, 1, 1, 1, 1, 0, 1, 1, 208),
	(0, 0, 1, 1, 1, 1, 1, 1, 1, 122),
	(0, 0, 1, 1, 1, 1, 0, 1, 1, 135),
	(0, 0, 1, 1, 1, 1, 0, 1, 1, 136),
	(0, 0, 1, 1, 1, 1, 0, 1, 1, 137),
	(0, 0, 1, 1, 1, 1, 0, 1, 1, 144),
	(0, 0, 1, 1, 1, 1, 1, 1, 1, 38),
	(0, 0, 1, 1, 0, 1, 0, 0, 0, 95),
	(0, 0, 1, 1, 0, 1, 0, 0, 0, 96),
	(0, 0, 1, 1, 1, 1, 0, 1, 1, 97),
	(0, 0, 1, 1, 1, 1, 0, 1, 1, 98),
	(0, 0, 1, 1, 1, 1, 1, 1, 1, 117),
	(0, 0, 1, 1, 0, 1, 0, 0, 0, 133),
	(0, 0, 1, 1, 0, 1, 0, 0, 0, 151),
	(0, 0, 1, 1, 1, 1, 0, 1, 1, 195),
	(0, 0, 1, 1, 1, 1, 1, 1, 1, 109),
	(0, 0, 1, 1, 0, 1, 0, 0, 0, 110),
	(0, 0, 1, 1, 1, 1, 0, 1, 1, 111),
	(0, 0, 1, 1, 1, 1, 0, 1, 1, 198),
	(0, 0, 1, 1, 1, 1, 0, 1, 1, 89),
	(0, 0, 1, 1, 1, 1, 1, 1, 1, 90),
	(0, 0, 1, 1, 1, 1, 0, 1, 1, 112),
	(0, 0, 1, 1, 1, 1, 1, 1, 1, 115),
	(0, 0, 1, 1, 1, 1, 1, 1, 1, 84),
	(0, 0, 1, 1, 1, 1, 0, 1, 1, 85),
	(0, 0, 1, 1, 1, 1, 0, 1, 1, 210),
	(0, 0, 1, 1, 1, 1, 0, 1, 1, 74),
	(0, 0, 1, 1, 1, 1, 0, 1, 1, 76),
	(0, 0, 1, 1, 1, 1, 1, 1, 1, 77),
	(0, 0, 0, 0, 0, 0, 0, 0, 0, 29),
	(0, 0, 1, 1, 1, 1, 0, 1, 1, 34),
	(0, 0, 1, 1, 1, 1, 1, 1, 1, 36),
	(0, 0, 1, 1, 1, 1, 0, 1, 1, 37),
	(0, 0, 1, 1, 0, 1, 0, 0, 0, 193),
	(0, 0, 1, 1, 1, 1, 1, 1, 1, 104),
	(0, 0, 1, 1, 1, 1, 0, 1, 1, 105),
	(0, 0, 1, 1, 1, 1, 0, 1, 1, 106),
	(0, 0, 0, 0, 0, 0, 0, 0, 0, 171),
	(0, 0, 0, 0, 0, 0, 0, 0, 0, 46),
	(0, 0, 1, 1, 0, 1, 0, 0, 0, 58),
	(0, 0, 1, 1, 1, 1, 0, 1, 1, 82),
	(0, 0, 1, 1, 1, 1, 0, 1, 1, 190),
	(0, 0, 1, 1, 1, 1, 0, 1, 1, 207),
	(0, 0, 1, 1, 1, 1, 1, 1, 1, 120),
	(0, 0, 1, 1, 1, 1, 0, 1, 1, 129),
	(0, 0, 1, 1, 1, 1, 0, 1, 1, 130),
	(0, 0, 1, 1, 1, 1, 0, 1, 1, 138),
	(0, 0, 1, 1, 1, 1, 0, 1, 1, 139),
	(0, 0, 1, 1, 1, 1, 1, 1, 1, 49),
	(0, 0, 1, 1, 1, 1, 0, 1, 1, 51),
	(0, 0, 1, 1, 0, 1, 0, 0, 0, 52),
	(0, 0, 1, 1, 1, 1, 0, 1, 1, 56),
	(0, 0, 1, 1, 1, 1, 0, 1, 1, 232),
	(0, 0, 1, 1, 1, 1, 0, 1, 1, 68),
	(0, 0, 1, 1, 1, 1, 0, 1, 1, 78),
	(0, 0, 1, 1, 1, 1, 1, 1, 1, 102),
	(0, 0, 1, 1, 1, 1, 0, 1, 1, 33),
	(0, 0, 1, 1, 1, 1, 0, 1, 1, 205),
	(0, 0, 1, 1, 1, 1, 1, 1, 1, 206),
	(0, 0, 1, 1, 1, 1, 1, 1, 1, 28),
	(0, 0, 1, 1, 1, 1, 1, 1, 1, 91),
	(0, 0, 1, 1, 1, 1, 0, 1, 1, 93),
	(0, 0, 1, 1, 1, 1, 0, 1, 1, 94),
	(0, 0, 0, 0, 1, 0, 0, 0, 0, 1),
	(0, 0, 0, 0, 1, 1, 0, 1, 0, 2),
	(1, 1, 1, 1, 1, 1, 1, 1, 1, 11),
	(0, 0, 0, 0, 0, 1, 0, 0, 0, 16),
	(1, 1, 0, 0, 0, 1, 0, 0, 1, 17),
	(0, 0, 1, 1, 1, 1, 0, 1, 1, 23),
	(0, 0, 1, 1, 1, 1, 1, 1, 1, 168),
	(0, 0, 1, 1, 1, 1, 1, 1, 1, 172),
	(0, 0, 0, 0, 1, 1, 0, 0, 1, 181),
	(0, 0, 0, 0, 0, 0, 0, 0, 1, 184),
	(0, 0, 1, 1, 1, 1, 1, 1, 1, 233),
	(0, 0, 1, 0, 1, 0, 0, 0, 0, 234),
	(0, 0, 0, 0, 0, 0, 0, 0, 0, 235),
	(0, 0, 0, 0, 0, 0, 0, 0, 0, 236),
	(0, 0, 1, 1, 1, 1, 0, 1, 1, 237),
	(0, 0, 1, 1, 1, 1, 0, 1, 1, 238),
	(0, 0, 0, 0, 0, 0, 0, 0, 0, 239),
	(0, 0, 0, 0, 0, 0, 0, 0, 0, 240),
	(0, 0, 1, 1, 1, 1, 1, 1, 1, 241),
	(0, 0, 0, 0, 0, 0, 0, 0, 0, 242),
	(0, 0, 0, 0, 0, 0, 0, 0, 0, 243),
	(0, 1, 0, 0, 1, 0, 0, 0, 0, 244),
	(0, 0, 0, 0, 0, 0, 0, 0, 0, 245);
/*!40000 ALTER TABLE `modules` ENABLE KEYS */;

-- Dumping structure for table u5487321_partner.notifications
CREATE TABLE IF NOT EXISTS `notifications` (
  `id_notification` int(11) NOT NULL AUTO_INCREMENT,
  `has_read` enum('0','1') DEFAULT '0',
  `type` enum('Disetujui oleh Head','Disetujui oleh Manager','Disetujui oleh Admin HO','Komentar oleh','Ditolak oleh','Ditanda tangan oleh','Cross Branch oleh') DEFAULT NULL,
  `created_at` varchar(255) DEFAULT NULL,
  `penerima` int(11) DEFAULT NULL COMMENT 'id_user penerima',
  `penerima_cabang` int(11) DEFAULT NULL COMMENT 'id_cabang penerima',
  `pengirim` int(11) DEFAULT NULL COMMENT 'id_user pengirim',
  `id_ticket` int(11) DEFAULT NULL,
  PRIMARY KEY (`id_notification`),
  KEY `penerima` (`penerima`),
  KEY `pengirim` (`pengirim`),
  KEY `id_ticket` (`id_ticket`),
  CONSTRAINT `notifications_ibfk_1` FOREIGN KEY (`penerima`) REFERENCES `users` (`id_user`) ON DELETE NO ACTION ON UPDATE NO ACTION,
  CONSTRAINT `notifications_ibfk_2` FOREIGN KEY (`pengirim`) REFERENCES `users` (`id_user`) ON DELETE NO ACTION ON UPDATE NO ACTION,
  CONSTRAINT `notifications_ibfk_3` FOREIGN KEY (`id_ticket`) REFERENCES `tickets` (`id_ticket`) ON DELETE NO ACTION ON UPDATE NO ACTION
) ENGINE=InnoDB AUTO_INCREMENT=307 DEFAULT CHARSET=latin1 COMMENT='Tabel Notifikasi';

-- Dumping data for table u5487321_partner.notifications: ~44 rows (approximately)
/*!40000 ALTER TABLE `notifications` DISABLE KEYS */;
INSERT INTO `notifications` (`id_notification`, `has_read`, `type`, `created_at`, `penerima`, `penerima_cabang`, `pengirim`, `id_ticket`) VALUES
	(261, '1', 'Cross Branch oleh', '2020-01-16 16:16:01', NULL, 2, 11, 95),
	(262, '1', 'Cross Branch oleh', '2020-01-17 14:45:20', NULL, 2, 26, 96),
	(263, '1', 'Disetujui oleh Admin HO', '2020-01-27 11:39:41', 11, 7, 1, 94),
	(264, '1', 'Disetujui oleh Admin HO', '2020-01-27 11:39:47', 26, 7, 1, 97),
	(265, '1', 'Disetujui oleh Admin HO', '2020-01-27 11:40:04', 11, 46, 1, 98),
	(266, '0', 'Ditanda tangan oleh', '2020-01-27 11:57:29', 11, 46, 11, 98),
	(267, '0', 'Ditanda tangan oleh', '2020-01-29 17:12:15', 11, 7, 11, 94),
	(268, '0', 'Ditanda tangan oleh', '2020-01-29 17:12:35', 11, 7, 11, 94),
	(269, '0', 'Ditanda tangan oleh', '2020-01-29 17:12:43', 11, 7, 11, 94),
	(270, '0', 'Ditanda tangan oleh', '2020-01-29 17:13:02', 11, 7, 11, 94),
	(271, '0', 'Ditanda tangan oleh', '2020-01-29 17:13:12', 11, 7, 11, 94),
	(272, '0', 'Ditanda tangan oleh', '2020-01-29 17:13:12', 11, 7, 11, 94),
	(273, '0', 'Cross Branch oleh', '2020-01-30 09:32:07', NULL, NULL, 11, 100),
	(274, '0', '', '2020-01-30 09:32:34', NULL, NULL, 11, 101),
	(275, '1', 'Ditanda tangan oleh', '2020-02-03 11:44:35', 111, 33, 111, 106),
	(276, '1', 'Ditanda tangan oleh', '2020-02-03 11:44:45', 111, 33, 111, 106),
	(277, '1', 'Ditanda tangan oleh', '2020-02-03 11:44:47', 111, 33, 111, 106),
	(278, '0', 'Ditanda tangan oleh', '2020-02-03 12:43:31', 165, 22, 165, 107),
	(279, '1', 'Ditanda tangan oleh', '2020-02-03 14:46:03', 212, 19, 103, 104),
	(280, '1', 'Ditanda tangan oleh', '2020-02-03 14:46:04', 212, 19, 103, 104),
	(281, '0', 'Ditanda tangan oleh', '2020-02-03 16:36:09', 41, 9, 41, 105),
	(282, '0', 'Cross Branch oleh', '2020-02-03 23:13:34', NULL, 5, 207, 110),
	(283, '1', 'Ditanda tangan oleh', '2020-02-04 09:40:59', 67, 20, 67, 112),
	(284, '1', 'Ditanda tangan oleh', '2020-02-04 13:13:05', 212, 19, 103, 104),
	(285, '1', 'Ditanda tangan oleh', '2020-02-04 13:24:32', 212, 19, 103, 113),
	(286, '0', 'Ditanda tangan oleh', '2020-02-04 14:21:39', 90, 34, 90, 103),
	(287, '0', 'Cross Branch oleh', '2020-02-04 15:03:22', NULL, NULL, 212, 114),
	(288, '1', 'Disetujui oleh Head', '2020-02-04 15:49:06', 212, 19, 103, 114),
	(289, '0', 'Ditanda tangan oleh', '2020-02-04 17:11:00', 94, 45, 94, 115),
	(290, '0', 'Cross Branch oleh', '2020-02-04 17:11:31', NULL, NULL, 94, 116),
	(291, '0', 'Cross Branch oleh', '2020-02-05 08:02:26', NULL, NULL, 186, 118),
	(292, '0', 'Cross Branch oleh', '2020-02-05 11:17:24', NULL, NULL, 40, 119),
	(293, '1', '', '2020-02-05 15:13:17', NULL, 42, 234, NULL),
	(294, '0', '', '2020-02-05 15:14:03', NULL, 1, 234, NULL),
	(295, '0', 'Cross Branch oleh', '2020-02-06 10:06:46', NULL, NULL, 137, 120),
	(296, '1', '', '2020-02-06 13:49:24', NULL, 6, 234, NULL),
	(297, '1', '', '2020-02-06 13:52:44', NULL, 6, 234, NULL),
	(298, '0', 'Cross Branch oleh', '2020-02-10 18:20:25', NULL, NULL, 144, 125),
	(299, '0', 'Cross Branch oleh', '2020-02-11 13:11:06', NULL, NULL, 90, 128),
	(300, '0', 'Disetujui oleh Head', '2020-02-11 13:37:03', 90, 34, 90, 128),
	(301, '0', 'Ditanda tangan oleh', '2020-02-12 10:16:25', 186, 3, 186, 129),
	(302, '0', 'Ditanda tangan oleh', '2020-02-12 10:16:27', 186, 3, 186, 129),
	(303, '0', 'Ditanda tangan oleh', '2020-02-12 10:16:30', 186, 3, 186, 129),
	(304, '0', 'Ditanda tangan oleh', '2020-02-12 10:16:40', 186, 3, 186, 129),
	(305, '0', 'Cross Branch oleh', '2020-02-13 16:08:30', NULL, NULL, 35, 135),
	(306, '0', 'Cross Branch oleh', '2020-02-13 16:32:45', NULL, NULL, 186, 137);
/*!40000 ALTER TABLE `notifications` ENABLE KEYS */;

-- Dumping structure for table u5487321_partner.nst
CREATE TABLE IF NOT EXISTS `nst` (
  `id_nst` int(11) NOT NULL AUTO_INCREMENT,
  `leads_id` varchar(255) DEFAULT NULL,
  `upload_file` varchar(255) DEFAULT NULL,
  `alasan_reject` varchar(255) DEFAULT NULL,
  `created_at` datetime DEFAULT NULL,
  `updated_at` datetime DEFAULT NULL,
  `id_user` int(11) DEFAULT NULL,
  `id_branch` int(11) DEFAULT NULL,
  PRIMARY KEY (`id_nst`),
  KEY `leads_id` (`leads_id`),
  KEY `id_user` (`id_user`),
  KEY `id_branch` (`id_branch`),
  CONSTRAINT `nst_ibfk_1` FOREIGN KEY (`leads_id`) REFERENCES `leads` (`leads_id`) ON DELETE NO ACTION ON UPDATE NO ACTION,
  CONSTRAINT `nst_ibfk_2` FOREIGN KEY (`id_user`) REFERENCES `users` (`id_user`) ON DELETE NO ACTION ON UPDATE NO ACTION,
  CONSTRAINT `nst_ibfk_3` FOREIGN KEY (`id_branch`) REFERENCES `branches` (`id_branch`) ON DELETE NO ACTION ON UPDATE NO ACTION
) ENGINE=InnoDB AUTO_INCREMENT=8 DEFAULT CHARSET=latin1 COMMENT='Tabel NST';

-- Dumping data for table u5487321_partner.nst: ~1 rows (approximately)
/*!40000 ALTER TABLE `nst` DISABLE KEYS */;
INSERT INTO `nst` (`id_nst`, `leads_id`, `upload_file`, `alasan_reject`, `created_at`, `updated_at`, `id_user`, `id_branch`) VALUES
	(6, '202001SLOS12345', NULL, NULL, '2020-01-30 09:32:34', '2020-01-30 09:32:34', 11, 46),
	(7, '202002SLOS000540', '', NULL, '2020-02-11 10:35:14', '2020-02-11 10:35:14', 144, 30);
/*!40000 ALTER TABLE `nst` ENABLE KEYS */;

-- Dumping structure for table u5487321_partner.partners
CREATE TABLE IF NOT EXISTS `partners` (
  `id_partner` int(11) NOT NULL AUTO_INCREMENT,
  `nama_pemilik` varchar(255) DEFAULT 'NULL',
  `kelurahan` varchar(255) DEFAULT 'NULL',
  `kecamatan` varchar(255) DEFAULT NULL,
  `provinsi` varchar(255) DEFAULT NULL,
  `kode_pos` varchar(255) DEFAULT NULL,
  `hobi` varchar(255) DEFAULT NULL,
  `geotagging` text DEFAULT NULL,
  `jumlah_karyawan` int(11) DEFAULT NULL,
  `tahun_berdiri` varchar(255) DEFAULT NULL,
  `barang_jual` varchar(255) DEFAULT NULL,
  `sosial_media` varchar(255) DEFAULT NULL,
  `status_tempat_usaha` varchar(255) DEFAULT NULL COMMENT 'Milik Sendiri / Milik Keluarga / Sewa',
  `jenis_pembayaran` varchar(255) DEFAULT NULL COMMENT 'Tunai / Kredit Konvensional / Kredit Syariah',
  `omset` varchar(255) DEFAULT NULL,
  `jumlah_cabang` int(11) DEFAULT NULL,
  `pernah_promosi` varchar(255) DEFAULT NULL COMMENT 'Perna melakukan promosi? Pernah / Tidak Pernah',
  `punya_pinjaman` varchar(255) DEFAULT NULL COMMENT 'Ya / Tidak',
  `on_going_project` varchar(255) DEFAULT NULL COMMENT 'Ada / Tidak Ada',
  `punya_jumlah_plafond` varchar(255) DEFAULT NULL COMMENT 'Ya / Tidak',
  `punya_giro_cek` varchar(255) DEFAULT NULL,
  `keterangan_tambahan` text DEFAULT NULL,
  `rekening_bank` varchar(255) DEFAULT NULL,
  `cabang_bank` varchar(255) DEFAULT NULL,
  `nama_bank` varchar(255) DEFAULT NULL,
  `atas_nama` varchar(255) DEFAULT NULL,
  `akhir_izin` varchar(6) DEFAULT NULL COMMENT 'Muncul Kalau Kategori Produk My Ihram & My Safar',
  `ktp` varchar(255) DEFAULT NULL COMMENT 'Form Upload File',
  `npwp` varchar(255) DEFAULT NULL COMMENT 'Form Upload File',
  `buku_tabungan_perusahaan` varchar(255) DEFAULT NULL COMMENT 'Form Upload File',
  `siup` varchar(255) DEFAULT NULL COMMENT 'Form Upload File',
  `logo_perusahaan` varchar(255) DEFAULT NULL COMMENT 'Form Upload File',
  `foto_usaha` varchar(255) DEFAULT NULL COMMENT 'Form Upload File',
  `status` enum('draft','lengkap') DEFAULT NULL,
  `created_at` datetime DEFAULT NULL,
  `updated_at` datetime DEFAULT NULL,
  `id_mapping` int(11) DEFAULT NULL,
  PRIMARY KEY (`id_partner`),
  UNIQUE KEY `rekening_bank` (`rekening_bank`),
  KEY `id_mapping` (`id_mapping`)
) ENGINE=InnoDB AUTO_INCREMENT=94 DEFAULT CHARSET=latin1 COMMENT='Tabel Partner';

-- Dumping data for table u5487321_partner.partners: ~15 rows (approximately)
/*!40000 ALTER TABLE `partners` DISABLE KEYS */;
INSERT INTO `partners` (`id_partner`, `nama_pemilik`, `kelurahan`, `kecamatan`, `provinsi`, `kode_pos`, `hobi`, `geotagging`, `jumlah_karyawan`, `tahun_berdiri`, `barang_jual`, `sosial_media`, `status_tempat_usaha`, `jenis_pembayaran`, `omset`, `jumlah_cabang`, `pernah_promosi`, `punya_pinjaman`, `on_going_project`, `punya_jumlah_plafond`, `punya_giro_cek`, `keterangan_tambahan`, `rekening_bank`, `cabang_bank`, `nama_bank`, `atas_nama`, `akhir_izin`, `ktp`, `npwp`, `buku_tabungan_perusahaan`, `siup`, `logo_perusahaan`, `foto_usaha`, `status`, `created_at`, `updated_at`, `id_mapping`) VALUES
	(61, 'Maulana Yusuf ', 'Pagesangan', 'Pagesangan', 'Nusa Tenggara Barat', '123456', 'Bulutangkis', NULL, 90, '1978', 'Percetakan, ATK', 'cv.com', 'Milik Sendiri', 'Kredit Konvensional', '90000000', 15, 'Ya', 'Tidak', 'Ada', 'Tidak', 'Tidak', 'Bank Mandi Sendiri', '046803848288483', 'Cabang Mataram', 'Bank Mandi Sendiri', 'Maulana Yusuf ', '2025', 'solusi.PNG', 'Alia_Go.png', 'aaa1.JPG', 'Logo-Abhinaya-Tour.png', 'download_(4).jpg', NULL, 'lengkap', '2020-01-16 14:14:23', '2020-01-29 17:12:18', 37),
	(62, 'Ramdan Darmawan', 'kelapa dua', 'kelapa dua', 'banten', '14560', 'berenang', NULL, 7, '2013', 'bahan bangunan', 'denindo.com', 'Milik Sendiri', 'Tunai', '30000000', 1, 'Tidak', 'Tidak', 'Ada', 'Tidak', 'Ya', 'waww', '9947735527354666', 'islamic village', 'mandiri', 'ramdan', '2029', 'ibrahim.jpeg', 'Recruit_Partner__3.png', 'Recruit_Partner__1.png', 'Recruit_Partner__4.png', 'Recruit_Partner__2.png', 'Recruit_Partner__Modal.png', 'lengkap', '2020-01-22 16:19:13', '2020-01-22 16:19:13', 38),
	(63, NULL, 'Jakarta', 'Jakarta', 'DKI Jakarta', '15328', NULL, NULL, 15, '2012', NULL, NULL, 'Milik Sendiri', NULL, NULL, NULL, NULL, NULL, NULL, NULL, NULL, NULL, NULL, NULL, NULL, NULL, NULL, NULL, NULL, NULL, NULL, NULL, NULL, 'draft', '2020-01-24 14:25:48', '2020-01-24 14:25:48', 41),
	(64, 'Andika', 'Pegangsaan', 'Pegangsaan', 'DKI Jakarta', '153215', 'Memancing', NULL, 10, '2014', 'Mobil', 'instagram.com/dahlan', 'Sewa', 'Tunai', '800000000', 1, 'Ya', 'Tidak', 'Tidak Ada', 'Tidak', 'Tidak', NULL, '3548684868465468', 'Cabang Karawaci', 'BCA', 'Andika', NULL, 'images1.jpg', 'images2.jpg', 'images3.jpg', 'images4.jpg', 'images5.jpg', 'images6.jpg', 'lengkap', '2020-01-24 15:28:00', '2020-01-24 15:31:31', 42),
	(65, ' Jihan Fahira', 'Tangerang', 'Tangerang', 'Banten', '153598', 'Travelling', NULL, 15, '2010', 'Barang Elektronik', NULL, 'Sewa', 'Tunai', '750000000', 1, 'Ya', 'Ya', 'Tidak Ada', 'Ya', 'Ya', NULL, '5565855488745658', 'Cabang Tangerang', 'Bank BCA Syariah', 'Jihan Fahira', NULL, 'WhatsApp_Image_2020-01-07_at_2.18.12_PM.jpeg', 'WhatsApp_Image_2020-01-07_at_2.18.12_PM1.jpeg', 'WhatsApp_Image_2020-01-07_at_2.18.12_PM2.jpeg', 'WhatsApp_Image_2020-01-07_at_2.18.12_PM_(1).jpeg', 'young-muslim-women-startup-entrepreneur-small-business-owner-working-at-home-packing-and-delivery_t20_7mxveN.jpg', 'WhatsApp_Image_2020-01-07_at_2.18.12_PM_(1)1.jpeg', 'lengkap', '2020-01-27 11:56:55', '2020-01-27 11:56:55', 43),
	(66, 'Jam An Nurchotib Mansur', 'Joglo', 'Kembangan', 'DKI Jakarta', '11640', 'IbadaH', NULL, 10, '2019', 'Paket Umrah', 'www.travelwisatahati.com', 'Sewa', 'Tunai', '100000000', NULL, 'Ya', 'Tidak', 'Ada', 'Tidak', 'Ya', 'Sudah MoU', '1234567890', 'Jakarta', 'Bank', 'Wisata hati', '2021', NULL, NULL, NULL, NULL, NULL, NULL, 'draft', '2020-01-28 17:56:36', '2020-01-28 17:56:36', 52),
	(67, 'WETI AGUSTINA', 'MALALAK UTARA', 'MALALAK', 'SUMATERA BARAT', '00000', 'MEMBACA', NULL, 3, '2015', 'JILBAB', '-', 'Sewa', 'Kredit Syariah', '50000000', 2, 'Ya', 'Tidak', 'Ada', 'Tidak', 'Tidak', '-', '1110012641250', 'KC BUKITTINGGI', 'BANK MANDIRI', 'WETI AGUSTINA', NULL, 'IMG-20200131-WA0003.jpg', 'PHOTO_NPWP_NO.png', 'IMG-20200131-WA0019.jpg', 'PHOTO_NPWP_NO1.png', 'P_20200131_135300_001.jpg', 'P_20200131_135300_0011.jpg', 'lengkap', '2020-02-01 10:52:45', '2020-02-01 10:52:45', 74),
	(68, 'Sayid Hasbi', 'Tenun Samarinda', 'Samarinda Seberang', 'Kalimantan Timur', '75132', NULL, NULL, 5, '2009', 'Material Bangunan', 'ud-aneka-griya.business.site', 'Milik Sendiri', 'Kredit Syariah', '200000000', NULL, 'Ya', 'Tidak', 'Tidak Ada', 'Tidak', 'Tidak', NULL, '0803868577', 'Samarinda', 'BNI', 'Sayid Hasbi', NULL, 'IMG_20200202_085758.jpg', 'IMG_20200202_0857581.jpg', 'IMG_20200202_085813.jpg', 'IMG_20200202_084750.jpg', 'IMG_20200202_085850.jpg', 'IMG-20200202-WA0011.jpg', 'lengkap', '2020-02-02 02:12:25', '2020-02-02 08:00:21', 78),
	(69, 'JOHNY LANGITAN', 'BENDE', 'KADIA', 'SULAWESI TENGGARA', '93118', 'Memancing dan Masak', NULL, 100, '2002', 'TV, AC, LAPTOP, CAMERA, HP, SPEAKER', 'https://instagram.com/multimedia_itchannel?igshid=2rxwknn7547p', 'Milik Sendiri', 'Kredit Syariah', '2500000000', 17, 'Ya', 'Ya', 'Ada', 'Ya', 'Ya', 'kelengkapan berkas ada di FTP', '7910823030', 'KCU KENDARI', 'BCA', 'MULTI MEDIA MANDIRI CV', NULL, 'KTP.png', 'NPWP.png', 'COVER_REK_TABUNGAN.png', 'SIUP.png', 'LOGO.png', 'FOTO_BARANG_MULTIMEDIA_MANDIRI.pdf', 'lengkap', '2020-02-03 10:58:54', '2020-02-03 14:45:59', 86),
	(70, 'sapta aini aprisiani', 'palmerah', 'palmerah', 'jakarta', '114880', 'merias', NULL, 7, '2012', 'tenda,catring,baju peggantin,rias pengantin', 'ig: pelayanan_sewa_tenda', 'Milik Sendiri', 'Tunai', '100000000', 1, 'Ya', 'Ya', 'Ada', 'Tidak', 'Tidak', 'UNTUK PATRTNER WO INI BARU SAJA DI RECRUIT PADA TANGGAL 02/02/2020 DAN BELUM MOU DENGAN BFI SYARIAH', '093701060079531', 'pejuang bekasi', 'BRI', 'sapta aini aprisiani', NULL, 'IMG_20200202_161418.jpg', 'IMG_20200202_163535.jpg', 'IMG_20200202_161520.jpg', 'IMG_20200202_160925.jpg', 'IMG_20200202_163053.jpg', 'IMG_20200202_163414.jpg', 'lengkap', '2020-02-03 11:13:04', '2020-02-03 16:36:38', 87),
	(71, 'M FARIS NOVEANDRI', 'SIDANEGARA', 'CILACAP TENGAH', 'JAWA TENGAH', '53223', 'BADMINTON', NULL, 4, '2010', 'PAKET RENOVASI RUMAH', NULL, 'Milik Sendiri', 'Kredit Syariah', '120000000', 1, 'Ya', 'Tidak', 'Ada', 'Tidak', 'Tidak', NULL, '0190477063', 'SYARIAH PEKALONGAN', 'BNI', 'M FARIS NOVEANDRI', NULL, 'ktp_penyedia_jasa.jpg', 'NPWP.jpeg', 'WhatsApp_Image_2020-02-03_at_11.28.19.jpeg', 'SIUP.jpeg', 'logo_penyedia_jasa.jpg', 'WhatsApp_Image_2020-02-03_at_11.43.15.jpeg', 'lengkap', '2020-02-03 11:44:12', '2020-02-03 11:44:12', 88),
	(72, NULL, 'joglo', 'kembangan', 'dki jakarta', '11640', NULL, NULL, 5, '2010', NULL, NULL, 'Milik Sendiri', NULL, NULL, NULL, NULL, NULL, NULL, NULL, NULL, NULL, NULL, NULL, NULL, NULL, NULL, NULL, NULL, NULL, NULL, NULL, NULL, 'draft', '2020-02-03 17:44:33', '2020-02-03 17:44:33', 93),
	(73, NULL, 'larangan', 'larangan', 'banten', '15156', NULL, NULL, 5, '2011', NULL, NULL, 'Milik Sendiri', NULL, NULL, NULL, NULL, NULL, NULL, NULL, NULL, NULL, NULL, NULL, NULL, NULL, NULL, NULL, NULL, NULL, NULL, NULL, NULL, 'draft', '2020-02-03 17:54:03', '2020-02-03 17:54:03', 96),
	(74, NULL, 'bintaro', 'jakarta selatan', 'JAKARTA SELATAN', '12330', NULL, NULL, 4, '2012', NULL, NULL, 'Milik Sendiri', NULL, NULL, NULL, NULL, NULL, NULL, NULL, NULL, NULL, NULL, NULL, NULL, NULL, NULL, NULL, NULL, NULL, NULL, NULL, NULL, 'draft', '2020-02-04 09:32:23', '2020-02-04 09:32:23', 103),
	(75, 'Musyafak', 'Wates', 'Undaan', 'Jawa Tengah', '59372', 'Mancing', NULL, 5, '2010', 'Jasa tukang ', 'www.tukangmusyafak.com', 'Milik Sendiri', 'Kredit Konvensional', '50000000', 1, 'Tidak', 'Tidak', 'Tidak Ada', 'Tidak', 'Tidak', 'Jasa tukang perorangan', '341001029553537', 'Jati Kudus', 'BRI ', 'Musyafak', NULL, 'KTP_penyedia_jasa.jpeg', 'Cover_BuTab_Musyafak.jpeg', 'Cover_BuTab_Musyafak1.jpeg', 'Cover_BuTab_Musyafak2.jpeg', 'KTP_penyedia_jasa1.jpeg', 'Rumah_tukang.jpeg', 'lengkap', '2020-02-04 09:39:01', '2020-02-04 09:50:44', 105),
	(76, 'SURYA HAMZAH', 'KORUMBA', 'MANDONGAN', 'SULAWESI TENGGARA', '93111', 'FUTSAL', NULL, 4, '2008', 'BOX JUALAN,KANOPI,PAGAR,TANGGA,ATAP RUMAH', 'suryahmz@gmail.com', 'Milik Sendiri', 'Tunai', '30000000', 1, 'Ya', 'Ya', 'Ada', 'Tidak', 'Tidak', 'UPDATE PIHAK KE 3 ', '019201146819502', 'KENDARI', 'BRI', 'SURYA HAMZAH', NULL, 'KTP.jpeg', 'npwp.jpeg', 'COVER_BUKU_REK.jpeg', 'SURAT_IZIN_USAHA_PERDAGANGAN.pdf', 'LOGO_PERUSAHAAN.png', 'TEMPAT_USAHA_(3).jpeg', 'lengkap', '2020-02-04 13:19:02', '2020-02-04 14:04:44', 106),
	(77, 'YAYASAN PP MUHAMMADIYAH', 'PATANGPULUHAN', 'WIROBRAJAN', 'YOGYAKARTA', '55251', 'PENDIDIKAN', NULL, 100, '1920', 'PENDIDIKAN', 'https://muallimin.sch.id/', 'Milik Sendiri', 'Tunai', '1000000', 1, 'Tidak', 'Tidak', 'Tidak Ada', 'Tidak', 'Tidak', NULL, '2068206806', 'YOGYAKARTA', 'BNI', 'MAD MU\'ALLIMIN MUHAMMADIYAH YOGYAKARTAPPDB', NULL, 'SURAT_DARI_SEKOLAH.pdf', 'Survey_sekolah.pdf', 'SURAT_DARI_SEKOLAH1.pdf', 'SURAT_DARI_SEKOLAH2.pdf', 'LOGO.jpg', 'Survey_sekolah1.pdf', 'lengkap', '2020-02-04 17:10:36', '2020-02-04 17:11:07', 107),
	(78, 'ABRAR HAJI', 'TELUK DALAM', 'BANJARMASIN TENGAH', 'KALIMANTAN SELATAN', '70117', 'MEMANCING', NULL, NULL, '2000', 'RUKO', 'ABAR_HAJI', 'Milik Sendiri', 'Kredit Syariah', '6000000', 1, 'Tidak', 'Tidak', 'Tidak Ada', 'Tidak', 'Tidak', NULL, '062301000383565', 'BANJARMASIN', 'BRI', 'ABRAR HAJI', NULL, 'KTP1.jpeg', 'SERTIFIKAT_1.jpeg', 'BUTAB.jpeg', 'SERTIFIKAT_11.jpeg', 'SERTIFIKAT_12.jpeg', 'RUKO_2.jpeg', 'lengkap', '2020-02-05 08:00:40', '2020-02-05 08:00:40', 115),
	(79, NULL, 'SORONG TIMUR', 'KLAWUYUK', 'PAPUA BARAT', '98416', NULL, NULL, NULL, NULL, NULL, NULL, 'Milik Sendiri', NULL, NULL, NULL, NULL, NULL, NULL, NULL, NULL, NULL, NULL, NULL, NULL, NULL, NULL, NULL, NULL, NULL, NULL, NULL, NULL, 'draft', '2020-02-05 09:21:23', '2020-02-05 09:21:23', 120),
	(80, NULL, 'SUKABUMI SELATAN', 'KEBON JERUK', 'JAKARTA BARAT', '11560', NULL, NULL, 4, '2010', NULL, NULL, 'Milik Sendiri', NULL, NULL, NULL, NULL, NULL, NULL, NULL, NULL, NULL, NULL, NULL, NULL, NULL, NULL, NULL, NULL, NULL, NULL, NULL, NULL, 'draft', '2020-02-05 17:24:19', '2020-02-05 17:24:19', 138),
	(81, NULL, 'Sukajaya', 'Sukarami', 'Sumatera selatan', '30155', NULL, NULL, 3, '2018', NULL, NULL, 'Milik Sendiri', NULL, NULL, NULL, NULL, NULL, NULL, NULL, NULL, NULL, NULL, NULL, NULL, NULL, NULL, NULL, NULL, NULL, NULL, NULL, NULL, 'draft', '2020-02-06 09:13:07', '2020-02-06 09:13:07', 142),
	(82, NULL, NULL, NULL, NULL, NULL, NULL, NULL, NULL, NULL, NULL, NULL, NULL, NULL, NULL, NULL, NULL, NULL, NULL, NULL, NULL, NULL, NULL, NULL, NULL, NULL, NULL, NULL, NULL, NULL, NULL, NULL, NULL, 'draft', '2020-02-06 09:25:00', '2020-02-06 09:25:00', 144),
	(83, NULL, 'Lorok Pakjo', 'Ilir Barat 1', 'Sumatera Selatan', '30256', NULL, NULL, 100, '2016', NULL, NULL, 'Milik Sendiri', NULL, NULL, NULL, NULL, NULL, NULL, NULL, NULL, NULL, NULL, NULL, NULL, NULL, NULL, NULL, NULL, NULL, NULL, NULL, NULL, 'draft', '2020-02-06 10:24:00', '2020-02-06 10:24:00', 149),
	(84, 'Khairil Anwar', 'Lok Bahu', 'Sungai Kunjang', 'Kalimantan Timur', '75125', '-', NULL, 1, '2012', 'Interior Design', 'https://www.facebook.com/faira', 'Milik Sendiri', 'Kredit Syariah', '100000000', NULL, 'Ya', 'Tidak', 'Tidak Ada', 'Tidak', 'Tidak', NULL, '724501004275503', 'Karang Paci', 'BRI', 'Khairil Anwar', NULL, 'KTP_Owner.jpg', 'KTP_Owner1.jpg', 'Cover_tabungan_owner.jpg', 'KTP_Owner2.jpg', 'logo.jpg', 'Foto_Usaha_Faira_Interior.pdf', 'lengkap', '2020-02-06 15:57:19', '2020-02-07 07:25:19', 152),
	(85, 'intan puspita sari', 'Karah', 'Jambangan', 'jawatimur', '60232', NULL, NULL, 20, '2011', 'Haji dan Umrah', 'www.intanaya.com', 'Milik Sendiri', 'Tunai', '1000000000', 3, 'Ya', 'Tidak', 'Ada', 'Tidak', 'Tidak', 'Intanaya adalah nama yang familiar untuk PT cahaya anugrah al mawaddah dan cukup dikenal untuk di surabaya dan sekitarnya.', '1410009090788', 'kcp jakarta buaran', 'Mandiri', 'cahaya anugrah al mawaddah', '2011', 'KTP_DIREKSI.jpg', 'NPWP_PT_CAHAYA.pdf', 'WhatsApp_Image_2020-01-29_at_10.07.34.jpeg', 'TDP_CAM.pdf', 'download.jpg', 'IMG_20200129_153330.jpg', 'lengkap', '2020-02-08 08:22:25', '2020-02-08 08:22:25', 176),
	(86, NULL, 'Parut serab', 'Ciledug', 'Tanggerang', '15153', NULL, NULL, 4, '2011', NULL, NULL, 'Milik Sendiri', NULL, NULL, NULL, NULL, NULL, NULL, NULL, NULL, NULL, NULL, NULL, NULL, NULL, NULL, NULL, NULL, NULL, NULL, NULL, NULL, 'draft', '2020-02-08 10:43:04', '2020-02-08 10:43:04', 183),
	(87, 'HENDRA KURNIAWAN', '26 Ilir', 'Bukit Baru', 'SUMATERA SELATAN', '30135', 'SALES', NULL, 5, '1985', 'Mesin Fotocopy', NULL, 'Milik Sendiri', 'Tunai', '250000000', 2, 'Tidak', 'Tidak', 'Tidak Ada', 'Tidak', 'Tidak', NULL, '8570063988', 'BCA KCP RIVAI PALEMBANG', 'BCA', 'HENDRA KURNIAWAN', NULL, 'ktp_supplier.jpg', 'NPWP.jpg', 'buku_tabungan.jpg', 'logo_PD_BERKAT_JAYA.jpg', 'logo_PD_BERKAT_JAYA1.jpg', 'TEMPAT_USAHA.jpg', 'lengkap', '2020-02-10 18:19:57', '2020-02-10 18:19:57', 187),
	(88, 'Kusmawati Sofyana', 'Lempake', 'Samarinda Utara', 'Kalimantan Timur', '75118', '-', NULL, 5, '2007', 'Paket Pernikahan, Paket Catering, Makeup, Salon', '-', 'Milik Sendiri', 'Tunai', '100000000', NULL, 'Tidak', 'Tidak', 'Tidak Ada', 'Tidak', 'Tidak', NULL, '0301404821', 'Samarinda', 'BNI', 'Kusmawati Sofyana', NULL, 'KTP_Penyedia.jpg', 'KTP_Penyedia1.jpg', 'Cover_Tabungan_penyedia.jpg', 'KTP_Penyedia2.jpg', 'KTP_Penyedia3.jpg', 'WhatsApp_Image_2020-02-11_at_09.11.15.jpeg', 'lengkap', '2020-02-11 08:08:17', '2020-02-11 08:12:03', 188),
	(89, 'Adi Riyanto', 'srijaya', 'SUKARAME', 'SUMATERA SELATAN', '30153', 'promosi', NULL, 3, '2017', 'paket usaha makanan dan minuman', 'IG : mitra_waralaba', 'Milik Sendiri', 'Kredit Syariah', '100000000', 12, 'Ya', 'Tidak', 'Tidak Ada', 'Tidak', 'Tidak', NULL, '8570001958', 'Palembang', 'bank BCA', 'Adi Riyanto', NULL, 'ktp_npwp.jpg', 'ktp_npwp1.jpg', 'cover_buku_tabungan.jpg', 'sku_franchaise.jpg', 'Brosur_paket_makanan.jpg', 'foto_BFI_dan_Konsumen.jpg', 'lengkap', '2020-02-12 10:57:13', '2020-02-12 10:57:13', 193),
	(90, 'RYAN DARMAWAN', 'kertak hanyar', 'kertak hanyar', 'kalimantan selatan', '72320', 'UMROH', NULL, 100, '2019', 'jasa umroh', 'smart umroh', 'Sewa', 'Kredit Syariah', '150000000', 2, 'Ya', 'Tidak', 'Ada', 'Tidak', 'Ya', NULL, '1230000007700', 'jatinegara', 'mandiri', 'PT DREAM TOUR AND TRAVEL', '2023', 'KTP2.jpeg', 'NPWP1.jpeg', 'BUTAB1.jpeg', 'NPWP2.jpeg', 'KTP3.jpeg', 'NPWP3.jpeg', 'lengkap', '2020-02-13 16:07:30', '2020-02-13 16:07:30', 201),
	(91, 'Zahra Chatalya', 'Alalak Utara', 'Banjarmasin Utara', 'Kalimantan Selatan', '70125', 'Masak', NULL, 1, '2005', 'Makanan dan Minuman', 'IG : ZahraHalizzah', 'Milik Sendiri', 'Tunai', '5000000', 1, 'Ya', 'Tidak', 'Ada', 'Tidak', 'Tidak', NULL, '0306840829', 'Banjarmasin', 'BNI', 'Zahra Chatalya', NULL, 'KTP_PEMILIK.jpeg', 'Dapur_Ummy_Catering.pdf', 'BUTAB2.jpeg', 'SKU.jpeg', 'dapur_ummy.png', 'SKU1.jpeg', 'lengkap', '2020-02-13 16:31:47', '2020-02-13 16:31:47', 202),
	(92, 'RUSLY WIJAYA', 'LALOLARA', 'KAMBU', 'SULAWESI TENGGARA', '93231', 'MEMANCING', NULL, 2, '2010', 'SEPEDA POLYGON', 'https://www.polygonbikes.com/id', 'Milik Sendiri', 'Kredit Konvensional', '30000000', 1, 'Ya', 'Ya', 'Tidak Ada', 'Ya', 'Ya', 'DISTRIBUTOR SEPEDA POLYGON', '1620000156988', 'KCU KENDARI WUA WUA', 'MANDIRI', 'RUSLY WIJAYA', NULL, 'KTP4.jpeg', 'NPWP4.jpeg', 'COVER_REK_TABUNGAN.jpeg', 'SIUP1.jpeg', 'WhatsApp_Image_2020-02-14_at_11.03.26.jpeg', 'WhatsApp_Image_2020-02-14_at_12.22.02.jpeg', 'lengkap', '2020-02-14 13:15:08', '2020-02-14 13:15:08', 205),
	(93, NULL, 'MERUYA ILIR', 'KEMBANGAN', 'JAKARTA BARAT', '11620', NULL, NULL, 5, '2019', NULL, NULL, 'Sewa', NULL, NULL, NULL, NULL, NULL, NULL, NULL, NULL, NULL, NULL, NULL, NULL, NULL, NULL, NULL, NULL, NULL, NULL, NULL, NULL, 'draft', '2020-02-27 17:39:01', '2020-02-27 17:39:01', 275);
/*!40000 ALTER TABLE `partners` ENABLE KEYS */;

-- Dumping structure for table u5487321_partner.partner_activities
CREATE TABLE IF NOT EXISTS `partner_activities` (
  `id_partner_activity` int(11) NOT NULL AUTO_INCREMENT,
  `activity` text NOT NULL,
  `date_activity` datetime NOT NULL,
  `id_partner` int(11) NOT NULL,
  `id_user` int(3) NOT NULL,
  PRIMARY KEY (`id_partner_activity`),
  KEY `id_user` (`id_user`),
  KEY `id_partner` (`id_partner`),
  CONSTRAINT `partner_activities_ibfk_1` FOREIGN KEY (`id_user`) REFERENCES `users` (`id_user`)
) ENGINE=InnoDB AUTO_INCREMENT=162 DEFAULT CHARSET=latin1 COMMENT='Tabel Partner Activities';

-- Dumping data for table u5487321_partner.partner_activities: ~34 rows (approximately)
/*!40000 ALTER TABLE `partner_activities` DISABLE KEYS */;
INSERT INTO `partner_activities` (`id_partner_activity`, `activity`, `date_activity`, `id_partner`, `id_user`) VALUES
	(105, 'Data Partner telah dibuat', '2020-01-16 14:14:23', 61, 11),
	(106, 'Perubahan pada data Partner', '2020-01-16 14:22:43', 61, 11),
	(107, 'Perubahan pada data Partner', '2020-01-16 14:24:06', 61, 11),
	(108, 'Perubahan pada data Partner', '2020-01-16 14:28:01', 61, 11),
	(109, 'Data Partner telah dibuat', '2020-01-22 16:19:13', 62, 26),
	(110, 'Data Partner telah dibuat', '2020-01-24 14:25:48', 63, 11),
	(111, 'Data Partner telah dibuat', '2020-01-24 15:28:00', 64, 11),
	(112, 'Perubahan pada data Partner', '2020-01-24 15:31:31', 64, 11),
	(113, 'Data Partner telah dibuat', '2020-01-27 11:56:55', 65, 11),
	(114, 'Data Partner telah dibuat', '2020-01-28 17:56:36', 66, 161),
	(115, 'Perubahan pada data Partner', '2020-01-29 17:12:18', 61, 11),
	(116, 'Data Partner telah dibuat', '2020-02-01 10:52:45', 67, 170),
	(117, 'Data Partner telah dibuat', '2020-02-02 02:12:25', 68, 90),
	(118, 'Perubahan pada data Partner', '2020-02-02 07:31:30', 68, 90),
	(119, 'Perubahan pada data Partner', '2020-02-02 07:31:36', 68, 90),
	(120, 'Perubahan pada data Partner', '2020-02-02 08:00:24', 68, 90),
	(121, 'Data Partner telah dibuat', '2020-02-03 10:58:54', 69, 212),
	(122, 'Data Partner telah dibuat', '2020-02-03 11:13:12', 70, 41),
	(123, 'Partner telah dimaintain', '2020-02-03 11:23:41', 69, 212),
	(124, 'Data Partner telah dibuat', '2020-02-03 11:44:12', 71, 111),
	(125, 'Perubahan pada data Partner', '2020-02-03 14:45:59', 69, 212),
	(126, 'Perubahan pada data Partner', '2020-02-03 16:36:38', 70, 41),
	(127, 'Partner telah dimaintain', '2020-02-03 17:22:17', 69, 212),
	(128, 'Data Partner telah dibuat', '2020-02-03 17:44:33', 72, 63),
	(129, 'Data Partner telah dibuat', '2020-02-03 17:54:03', 73, 63),
	(130, 'Data Partner telah dibuat', '2020-02-04 09:32:23', 74, 63),
	(131, 'Data Partner telah dibuat', '2020-02-04 09:39:01', 75, 67),
	(132, 'Perubahan pada data Partner', '2020-02-04 09:41:38', 75, 67),
	(133, 'Perubahan pada data Partner', '2020-02-04 09:41:46', 75, 67),
	(134, 'Perubahan pada data Partner', '2020-02-04 09:41:52', 75, 67),
	(135, 'Perubahan pada data Partner', '2020-02-04 09:41:59', 75, 67),
	(136, 'Perubahan pada data Partner', '2020-02-04 09:42:13', 75, 67),
	(137, 'Perubahan pada data Partner', '2020-02-04 09:42:33', 75, 67),
	(138, 'Partner telah dimaintain', '2020-02-04 09:43:22', 75, 67),
	(139, 'Perubahan pada data Partner', '2020-02-04 09:50:44', 75, 67),
	(140, 'Data Partner telah dibuat', '2020-02-04 13:19:02', 76, 212),
	(141, 'Perubahan pada data Partner', '2020-02-04 14:04:44', 76, 212),
	(142, 'Data Partner telah dibuat', '2020-02-04 17:10:40', 77, 94),
	(143, 'Perubahan pada data Partner', '2020-02-04 17:11:07', 77, 94),
	(144, 'Data Partner telah dibuat', '2020-02-05 08:00:40', 78, 186),
	(145, 'Data Partner telah dibuat', '2020-02-05 09:21:23', 79, 36),
	(146, 'Data Partner telah dibuat', '2020-02-05 17:24:19', 80, 63),
	(147, 'Data Partner telah dibuat', '2020-02-06 09:13:07', 81, 137),
	(148, 'Data Partner telah dibuat', '2020-02-06 09:25:00', 82, 135),
	(149, 'Data Partner telah dibuat', '2020-02-06 10:24:00', 83, 135),
	(150, 'Data Partner telah dibuat', '2020-02-06 15:57:19', 84, 90),
	(151, 'Perubahan pada data Partner', '2020-02-07 07:25:19', 84, 90),
	(152, 'Data Partner telah dibuat', '2020-02-08 08:22:26', 85, 238),
	(153, 'Data Partner telah dibuat', '2020-02-08 10:43:04', 86, 63),
	(154, 'Data Partner telah dibuat', '2020-02-10 18:19:57', 87, 144),
	(155, 'Data Partner telah dibuat', '2020-02-11 08:08:17', 88, 90),
	(156, 'Perubahan pada data Partner', '2020-02-11 08:12:03', 88, 90),
	(157, 'Data Partner telah dibuat', '2020-02-12 10:57:16', 89, 144),
	(158, 'Data Partner telah dibuat', '2020-02-13 16:07:31', 90, 35),
	(159, 'Data Partner telah dibuat', '2020-02-13 16:31:47', 91, 186),
	(160, 'Data Partner telah dibuat', '2020-02-14 13:15:08', 92, 103),
	(161, 'Data Partner telah dibuat', '2020-02-27 17:39:01', 93, 63);
/*!40000 ALTER TABLE `partner_activities` ENABLE KEYS */;

-- Dumping structure for table u5487321_partner.tickets
CREATE TABLE IF NOT EXISTS `tickets` (
  `id_ticket` int(11) NOT NULL AUTO_INCREMENT,
  `ttd_pks` enum('Ya','Tidak','Belum') NOT NULL DEFAULT 'Belum',
  `date_pending` datetime DEFAULT NULL,
  `date_approved_by_head` datetime DEFAULT NULL,
  `date_approved_by_manager` datetime DEFAULT NULL,
  `date_inprogress` datetime DEFAULT NULL,
  `date_rejected` datetime DEFAULT NULL,
  `date_completed` datetime DEFAULT NULL,
  `date_verified_ttd` datetime DEFAULT NULL COMMENT 'tanggal record tanda tangan kerjasama',
  `status` int(2) DEFAULT 0 COMMENT '0 = belum direview oleh head, \r\n1 = belum direview oleh manager, \r\n2 = belum direview oleh HO, \r\n3 = sedang diproses HO, \r\n4 = Ditolak HO, \r\n5 = Disetujui HO',
  `id_partner` int(11) DEFAULT NULL,
  `id_agent` int(11) DEFAULT NULL,
  `id_leads` int(11) DEFAULT NULL,
  `id_nst` int(11) DEFAULT NULL,
  `id_user` int(11) DEFAULT NULL,
  `id_branch` int(11) DEFAULT NULL,
  `completed_by` int(11) DEFAULT NULL COMMENT 'Ketika tiket sudah diapproved HO dan mencatat id_user yang approve',
  `verified_by` int(11) DEFAULT NULL COMMENT 'Mencatat id_user siapa yang verfifikasi ttd',
  `form_mou` varchar(255) DEFAULT NULL COMMENT 'Form Upload File MOU',
  `date_created` datetime DEFAULT NULL,
  `date_modified` datetime DEFAULT NULL,
  `id_approval_bonus` int(11) DEFAULT NULL,
  PRIMARY KEY (`id_ticket`),
  UNIQUE KEY `id_agent` (`id_agent`),
  UNIQUE KEY `id_leads` (`id_leads`),
  UNIQUE KEY `id_partner` (`id_partner`),
  UNIQUE KEY `id_nst` (`id_nst`),
  KEY `id_user` (`id_user`),
  KEY `id_branch` (`id_branch`),
  KEY `verified_by` (`verified_by`),
  CONSTRAINT `tickets_ibfk_1` FOREIGN KEY (`id_partner`) REFERENCES `partners` (`id_partner`) ON DELETE CASCADE ON UPDATE CASCADE,
  CONSTRAINT `tickets_ibfk_2` FOREIGN KEY (`id_agent`) REFERENCES `agents` (`id_agent`),
  CONSTRAINT `tickets_ibfk_3` FOREIGN KEY (`id_user`) REFERENCES `users` (`id_user`) ON DELETE NO ACTION ON UPDATE NO ACTION,
  CONSTRAINT `tickets_ibfk_4` FOREIGN KEY (`id_branch`) REFERENCES `branches` (`id_branch`) ON DELETE NO ACTION ON UPDATE NO ACTION,
  CONSTRAINT `tickets_ibfk_5` FOREIGN KEY (`id_leads`) REFERENCES `leads` (`id_leads`) ON DELETE NO ACTION ON UPDATE NO ACTION,
  CONSTRAINT `tickets_ibfk_6` FOREIGN KEY (`verified_by`) REFERENCES `users` (`id_user`) ON DELETE NO ACTION ON UPDATE NO ACTION,
  CONSTRAINT `tickets_ibfk_7` FOREIGN KEY (`id_nst`) REFERENCES `nst` (`id_nst`) ON DELETE NO ACTION ON UPDATE NO ACTION
) ENGINE=InnoDB AUTO_INCREMENT=140 DEFAULT CHARSET=latin1 COMMENT='Tabel Tiket';

-- Dumping data for table u5487321_partner.tickets: ~23 rows (approximately)
/*!40000 ALTER TABLE `tickets` DISABLE KEYS */;
INSERT INTO `tickets` (`id_ticket`, `ttd_pks`, `date_pending`, `date_approved_by_head`, `date_approved_by_manager`, `date_inprogress`, `date_rejected`, `date_completed`, `date_verified_ttd`, `status`, `id_partner`, `id_agent`, `id_leads`, `id_nst`, `id_user`, `id_branch`, `completed_by`, `verified_by`, `form_mou`, `date_created`, `date_modified`, `id_approval_bonus`) VALUES
	(94, 'Ya', '2020-01-29 17:12:18', NULL, NULL, NULL, NULL, '2020-01-27 11:39:41', '2020-01-29 17:13:20', 2, 61, NULL, NULL, NULL, 11, 7, 1, 11, 'Database_Partnership_-_User_.pdf', NULL, '2020-01-29 17:12:18', NULL),
	(95, 'Belum', '2020-01-16 16:16:01', NULL, NULL, NULL, NULL, NULL, NULL, 0, NULL, NULL, 62, NULL, 11, 7, NULL, NULL, NULL, '2020-01-16 16:16:01', '2020-01-16 16:16:01', NULL),
	(96, 'Belum', '2020-01-17 14:45:20', NULL, NULL, NULL, NULL, NULL, NULL, 0, NULL, NULL, 65, NULL, 26, 7, NULL, NULL, NULL, '2020-01-17 14:45:20', '2020-01-17 14:45:20', NULL),
	(97, 'Belum', '2020-01-22 16:19:13', NULL, NULL, NULL, NULL, '2020-01-27 11:39:47', NULL, 5, 62, NULL, NULL, NULL, 26, 7, 1, NULL, NULL, '2020-01-22 16:19:13', '2020-01-22 16:19:13', NULL),
	(98, 'Tidak', '2020-01-24 15:31:31', NULL, NULL, NULL, NULL, '2020-01-27 11:40:04', NULL, 5, 64, NULL, NULL, NULL, 11, 46, 1, NULL, NULL, NULL, '2020-01-24 15:31:31', NULL),
	(99, 'Belum', '2020-01-27 11:56:55', NULL, NULL, NULL, NULL, NULL, NULL, 2, 65, NULL, NULL, NULL, 11, 46, NULL, NULL, NULL, '2020-01-27 11:56:55', '2020-01-27 11:56:55', NULL),
	(100, 'Belum', '2020-01-30 09:32:07', NULL, NULL, NULL, NULL, NULL, NULL, 0, NULL, NULL, 68, NULL, 11, 46, NULL, NULL, NULL, '2020-01-30 09:32:07', '2020-01-30 09:32:07', NULL),
	(101, 'Belum', '2020-01-30 09:32:34', NULL, NULL, NULL, NULL, NULL, NULL, 2, NULL, NULL, NULL, 6, 11, 46, NULL, NULL, NULL, '2020-01-30 09:32:34', '2020-01-30 09:32:34', NULL),
	(102, 'Belum', '2020-02-01 10:52:45', NULL, NULL, NULL, NULL, NULL, NULL, 2, 67, NULL, NULL, NULL, 170, 8, NULL, NULL, NULL, '2020-02-01 10:52:45', '2020-02-01 10:52:45', NULL),
	(103, 'Tidak', '2020-02-02 08:00:24', NULL, NULL, NULL, NULL, NULL, NULL, 1, 68, NULL, NULL, NULL, 90, 34, NULL, NULL, NULL, NULL, '2020-02-02 08:00:24', NULL),
	(104, 'Ya', '2020-02-03 14:45:59', NULL, NULL, NULL, NULL, NULL, '2020-02-04 13:20:28', 1, 69, NULL, NULL, NULL, 212, 19, NULL, 212, 'FORM_CHECKLIST,_PENGAJUAN_MOU,_VERIFIKASI,_PERTNERSHIP,_PKS.pdf', '2020-02-03 10:58:54', '2020-02-03 14:45:59', NULL),
	(105, 'Tidak', '2020-02-03 16:36:38', NULL, NULL, NULL, NULL, NULL, NULL, 2, 70, NULL, NULL, NULL, 41, 9, NULL, NULL, NULL, '2020-02-03 11:13:12', '2020-02-03 16:36:38', NULL),
	(106, 'Tidak', '2020-02-03 11:44:12', NULL, NULL, NULL, NULL, NULL, NULL, 2, 71, NULL, NULL, NULL, 111, 33, NULL, NULL, NULL, '2020-02-03 11:44:12', '2020-02-03 11:44:12', NULL),
	(107, 'Tidak', '2020-02-03 12:35:53', NULL, NULL, NULL, NULL, NULL, NULL, 2, NULL, 32, NULL, NULL, 165, 22, NULL, NULL, NULL, '2020-02-03 12:35:53', '2020-02-03 12:35:53', NULL),
	(108, 'Belum', '2020-02-03 12:59:50', NULL, NULL, NULL, NULL, NULL, NULL, 2, NULL, 33, NULL, NULL, 165, 22, NULL, NULL, NULL, '2020-02-03 12:59:50', '2020-02-03 12:59:50', NULL),
	(109, 'Belum', '2020-02-03 13:05:20', NULL, NULL, NULL, NULL, NULL, NULL, 2, NULL, 34, NULL, NULL, 165, 22, NULL, NULL, NULL, '2020-02-03 13:05:20', '2020-02-03 13:05:20', NULL),
	(110, 'Belum', '2020-02-03 23:13:34', NULL, NULL, NULL, NULL, NULL, NULL, 0, NULL, NULL, 72, NULL, 207, 40, NULL, NULL, NULL, '2020-02-03 23:13:34', '2020-02-03 23:13:34', NULL),
	(111, 'Belum', '2020-02-04 09:14:12', NULL, NULL, NULL, NULL, NULL, NULL, 2, NULL, 35, NULL, NULL, 67, 20, NULL, NULL, NULL, '2020-02-04 09:14:12', '2020-02-04 09:14:12', NULL),
	(112, 'Tidak', '2020-02-04 09:50:44', NULL, NULL, NULL, NULL, NULL, NULL, 2, 75, NULL, NULL, NULL, 67, 20, NULL, NULL, NULL, '2020-02-04 09:39:01', '2020-02-04 09:50:44', NULL),
	(113, 'Ya', '2020-02-04 14:04:44', NULL, NULL, NULL, NULL, NULL, '2020-02-04 14:05:11', 1, 76, NULL, NULL, NULL, 212, 19, NULL, 103, 'FORM_CHEKLIST,_FORM_VERIFIKASI,_FORM_PARTNERSHIP,_PERJANJIAN_KERJASAMA_(LAS_SURYA_ANUGRAH).pdf', '2020-02-04 13:19:02', '2020-02-04 14:04:44', NULL),
	(114, 'Belum', '2020-02-04 15:03:22', '2020-02-04 15:49:06', NULL, NULL, NULL, NULL, NULL, 1, NULL, NULL, 73, NULL, 212, 19, NULL, NULL, NULL, '2020-02-04 15:03:22', '2020-02-04 15:03:22', NULL),
	(115, 'Tidak', '2020-02-04 17:11:07', NULL, NULL, NULL, NULL, NULL, NULL, 2, 77, NULL, NULL, NULL, 94, 45, NULL, NULL, NULL, '2020-02-04 17:10:40', '2020-02-04 17:11:07', NULL),
	(116, 'Belum', '2020-02-04 17:11:31', NULL, NULL, NULL, NULL, NULL, NULL, 0, NULL, NULL, 74, NULL, 94, 45, NULL, NULL, NULL, '2020-02-04 17:11:31', '2020-02-04 17:11:31', NULL),
	(117, 'Belum', '2020-02-05 08:00:40', NULL, NULL, NULL, NULL, NULL, NULL, 2, 78, NULL, NULL, NULL, 186, 3, NULL, NULL, NULL, '2020-02-05 08:00:40', '2020-02-05 08:00:40', NULL),
	(118, 'Belum', '2020-02-05 08:03:07', NULL, NULL, NULL, NULL, NULL, NULL, 2, NULL, NULL, 75, NULL, 186, 3, NULL, NULL, NULL, '2020-02-05 08:02:26', '2020-02-05 08:03:07', NULL),
	(119, 'Belum', '2020-02-05 11:17:24', NULL, NULL, NULL, NULL, NULL, NULL, 0, NULL, NULL, 71, NULL, 40, 26, NULL, NULL, NULL, '2020-02-05 11:17:24', '2020-02-05 11:17:24', NULL),
	(120, 'Belum', '2020-02-19 08:12:37', NULL, NULL, NULL, NULL, NULL, NULL, 2, NULL, NULL, 77, NULL, 137, 30, NULL, NULL, NULL, '2020-02-06 10:06:46', '2020-02-19 08:12:37', NULL),
	(121, 'Belum', '2020-02-06 13:17:07', NULL, NULL, NULL, NULL, NULL, NULL, 2, NULL, 41, NULL, NULL, 32, 8, NULL, NULL, NULL, '2020-02-06 13:17:07', '2020-02-06 13:17:07', NULL),
	(122, 'Belum', '2020-02-07 07:25:19', NULL, NULL, NULL, NULL, NULL, NULL, 1, 84, NULL, NULL, NULL, 90, 34, NULL, NULL, NULL, NULL, '2020-02-07 07:25:19', NULL),
	(123, 'Belum', '2020-02-08 08:22:26', NULL, NULL, NULL, NULL, NULL, NULL, 2, 85, NULL, NULL, NULL, 238, 41, NULL, NULL, NULL, '2020-02-08 08:22:26', '2020-02-08 08:22:26', NULL),
	(124, 'Belum', '2020-02-10 18:19:57', NULL, NULL, NULL, NULL, NULL, NULL, 2, 87, NULL, NULL, NULL, 144, 30, NULL, NULL, NULL, '2020-02-10 18:19:57', '2020-02-10 18:19:57', NULL),
	(125, 'Belum', '2020-02-10 18:20:25', NULL, NULL, NULL, NULL, NULL, NULL, 0, NULL, NULL, 79, NULL, 144, 30, NULL, NULL, NULL, '2020-02-10 18:20:25', '2020-02-10 18:20:25', NULL),
	(126, 'Belum', '2020-02-11 08:12:03', NULL, NULL, NULL, NULL, NULL, NULL, 1, 88, NULL, NULL, NULL, 90, 34, NULL, NULL, NULL, NULL, '2020-02-11 08:12:03', NULL),
	(127, 'Belum', '2020-02-11 10:35:14', NULL, NULL, NULL, NULL, NULL, NULL, 2, NULL, NULL, NULL, 7, 144, 30, NULL, NULL, NULL, '2020-02-11 10:35:14', '2020-02-11 10:35:14', NULL),
	(128, 'Belum', '2020-02-11 13:11:06', '2020-02-11 13:37:03', NULL, NULL, NULL, NULL, NULL, 1, NULL, NULL, 81, NULL, 90, 34, NULL, NULL, NULL, '2020-02-11 13:11:06', '2020-02-11 13:11:06', NULL),
	(129, 'Tidak', '2020-02-12 08:48:18', NULL, NULL, NULL, NULL, NULL, NULL, 2, NULL, 42, NULL, NULL, 186, 3, NULL, NULL, NULL, '2020-02-12 08:47:45', '2020-02-12 08:48:18', NULL),
	(130, 'Belum', '2020-02-12 10:57:16', NULL, NULL, NULL, NULL, NULL, NULL, 2, 89, NULL, NULL, NULL, 144, 30, NULL, NULL, NULL, '2020-02-12 10:57:16', '2020-02-12 10:57:16', NULL),
	(131, 'Belum', '2020-02-12 15:00:07', NULL, NULL, NULL, NULL, NULL, NULL, 2, NULL, 43, NULL, NULL, 127, 13, NULL, NULL, NULL, '2020-02-12 15:00:07', '2020-02-12 15:00:07', NULL),
	(132, 'Belum', '2020-02-13 09:33:52', NULL, NULL, NULL, NULL, NULL, NULL, 2, NULL, NULL, NULL, NULL, 50, 6, NULL, NULL, NULL, '2020-02-13 09:33:52', '2020-02-13 09:33:52', 6),
	(133, 'Belum', '2020-02-13 16:00:16', NULL, NULL, NULL, NULL, NULL, NULL, 2, NULL, 44, NULL, NULL, 35, 3, NULL, NULL, NULL, '2020-02-13 16:00:16', '2020-02-13 16:00:16', NULL),
	(134, 'Belum', '2020-02-13 16:07:31', NULL, NULL, NULL, NULL, NULL, NULL, 2, 90, NULL, NULL, NULL, 35, 3, NULL, NULL, NULL, '2020-02-13 16:07:31', '2020-02-13 16:07:31', NULL),
	(135, 'Belum', '2020-02-13 16:08:30', NULL, NULL, NULL, NULL, NULL, NULL, 0, NULL, NULL, 83, NULL, 35, 3, NULL, NULL, NULL, '2020-02-13 16:08:30', '2020-02-13 16:08:30', NULL),
	(136, 'Belum', '2020-02-13 16:31:47', NULL, NULL, NULL, NULL, NULL, NULL, 2, 91, NULL, NULL, NULL, 186, 3, NULL, NULL, NULL, '2020-02-13 16:31:47', '2020-02-13 16:31:47', NULL),
	(137, 'Belum', '2020-02-13 16:32:45', NULL, NULL, NULL, NULL, NULL, NULL, 0, NULL, NULL, 84, NULL, 186, 3, NULL, NULL, NULL, '2020-02-13 16:32:45', '2020-02-13 16:32:45', NULL),
	(138, 'Belum', '2020-02-14 10:20:54', NULL, NULL, NULL, NULL, NULL, NULL, 2, NULL, 45, NULL, NULL, 203, 17, NULL, NULL, NULL, '2020-02-14 10:20:54', '2020-02-14 10:20:54', NULL),
	(139, 'Belum', '2020-02-14 13:15:08', NULL, NULL, NULL, NULL, NULL, NULL, 1, 92, NULL, NULL, NULL, 103, 19, NULL, NULL, NULL, '2020-02-14 13:15:08', '2020-02-14 13:15:08', NULL);
/*!40000 ALTER TABLE `tickets` ENABLE KEYS */;

-- Dumping structure for table u5487321_partner.users
CREATE TABLE IF NOT EXISTS `users` (
  `id_user` int(11) NOT NULL AUTO_INCREMENT,
  `name` varchar(40) NOT NULL DEFAULT '',
  `nik` varchar(255) NOT NULL DEFAULT '',
  `email` varchar(50) NOT NULL DEFAULT '',
  `password` varchar(40) NOT NULL DEFAULT '',
  `level` int(2) NOT NULL DEFAULT 0 COMMENT '1 = CMS, 2 = Head, 3 = Manager, 4 = Admin HO, 5 = Head HO (Superuser)',
  `jabatan` varchar(255) DEFAULT NULL,
  `is_active` int(2) NOT NULL DEFAULT 0,
  `id_branch` int(3) NOT NULL DEFAULT 0,
  `tanggal_daftar` timestamp NULL DEFAULT current_timestamp(),
  `foto` varchar(255) DEFAULT NULL,
  PRIMARY KEY (`id_user`),
  UNIQUE KEY `nik` (`nik`),
  KEY `id_branch` (`id_branch`),
  CONSTRAINT `users_ibfk_1` FOREIGN KEY (`id_branch`) REFERENCES `branches` (`id_branch`) ON DELETE NO ACTION ON UPDATE NO ACTION
) ENGINE=InnoDB AUTO_INCREMENT=246 DEFAULT CHARSET=latin1 ROW_FORMAT=DYNAMIC COMMENT='Tabel User';

-- Dumping data for table u5487321_partner.users: ~192 rows (approximately)
/*!40000 ALTER TABLE `users` DISABLE KEYS */;
INSERT INTO `users` (`id_user`, `name`, `nik`, `email`, `password`, `level`, `jabatan`, `is_active`, `id_branch`, `tanggal_daftar`, `foto`) VALUES
	(1, 'Sunia Berlianti', '082735', '', 'b32c3ea483b375b79e01ffc404316070', 4, 'Admin HO', 1, 46, '2019-08-16 16:36:16', 'bfi_syariah.jpg'),
	(11, 'Okky Aditya', '072104', '', 'b32c3ea483b375b79e01ffc404316070', 3, 'Sharia Manager', 1, 46, '2019-08-16 16:36:16', 'muslim-woman-reading-from-the-quran-RWGSUKZ.jpg'),
	(16, 'Maulana Arief Kuncoro', '078600', '', 'b32c3ea483b375b79e01ffc404316070', 1, 'CMS', 1, 46, '2019-08-16 16:36:16', ''),
	(17, 'Administrator BFI Syariah', '000000', '', '0baea2f0ae20150db78f58cddac442a9', 5, 'Head HO', 1, 46, '2019-08-16 16:36:16', '7_September_3.png'),
	(23, 'Ardy', '079473', '', 'b32c3ea483b375b79e01ffc404316070', 1, 'CMS', 1, 46, '2019-08-16 16:36:16', NULL),
	(26, 'Adhine Basilia', '007105', '', 'b32c3ea483b375b79e01ffc404316070', 2, 'Sharia Head', 1, 46, '2019-08-16 16:36:16', '7_September_Cover3.png'),
	(28, 'Reky Sutedja', '007559', '', 'b32c3ea483b375b79e01ffc404316070', 2, 'Sharia Head', 1, 15, '2019-08-16 16:36:16', NULL),
	(29, 'Iva Ariani', '005138', '', 'b32c3ea483b375b79e01ffc404316070', 2, 'Sharia Head', 0, 38, '2019-08-16 16:36:16', NULL),
	(30, 'Faisal', '004196', '', 'b32c3ea483b375b79e01ffc404316070', 2, 'Sharia Head', 1, 3, '2019-08-16 16:36:16', NULL),
	(31, 'E.M.Ikhsanudin', '079442', 'em.ikhsanudin@bfi.co.id', 'b32c3ea483b375b79e01ffc404316070', 2, 'Sharia Head', 1, 16, '2019-08-16 16:36:16', NULL),
	(32, 'Nanda Febriyanti Syiska', '9020023', 'nandafebriyantisyiska@gmail.com', 'b32c3ea483b375b79e01ffc404316070', 1, 'CMS', 1, 8, '2019-08-16 16:36:16', 'IMG-20190408-WA0013.jpg'),
	(33, 'Ilham Hamiru', '082012', '', 'e7a6876c9ac13bd9c82a96cbafb85046', 1, 'CMS', 1, 44, '2019-08-16 16:36:16', NULL),
	(34, 'Muhammad faizal', '901712', '', 'b32c3ea483b375b79e01ffc404316070', 1, 'CMS', 1, 38, '2019-08-16 16:36:16', NULL),
	(35, 'Sabilal Muhtadin', '014555', '', 'b32c3ea483b375b79e01ffc404316070', 1, 'CMS', 1, 3, '2019-08-16 16:36:16', NULL),
	(36, 'Ardianto S', '082102', '', 'b32c3ea483b375b79e01ffc404316070', 2, 'Sharia Head', 1, 38, '2019-08-16 16:36:16', NULL),
	(37, 'Muhammad faizal', '9017012', '', 'b32c3ea483b375b79e01ffc404316070', 1, 'CMS', 1, 38, '2019-08-16 16:36:16', NULL),
	(38, 'Janu Setiawan', '015501', '', 'b32c3ea483b375b79e01ffc404316070', 3, 'Sharia Manager', 0, 31, '2019-08-16 16:36:16', NULL),
	(40, 'Umi Sultra', '072632', '', 'b32c3ea483b375b79e01ffc404316070', 2, 'Sharia Head', 1, 26, '2019-08-16 16:36:16', NULL),
	(41, 'Haryono Edi Sucipto', '074107', '', 'b32c3ea483b375b79e01ffc404316070', 2, 'Sharia Head', 1, 9, '2019-08-16 16:36:16', NULL),
	(42, 'Mimi Aslamiyah', '005074', '', 'b32c3ea483b375b79e01ffc404316070', 3, 'Sharia Manager', 1, 26, '2019-08-16 16:36:16', NULL),
	(44, 'Diansah', '9015342', '', 'b32c3ea483b375b79e01ffc404316070', 1, 'CMS', 1, 15, '2019-08-16 16:36:16', NULL),
	(45, 'Eko yuli suprianto', '9016923', '', 'b32c3ea483b375b79e01ffc404316070', 1, 'CMS', 0, 15, '2019-08-16 16:36:16', NULL),
	(46, 'Sutriyandi', '011349', '', 'b32c3ea483b375b79e01ffc404316070', 3, 'Sharia Manager', 1, 40, '2019-08-16 16:36:16', NULL),
	(47, 'Ayu Kemala Sari', '9016709', '', 'b32c3ea483b375b79e01ffc404316070', 1, 'CMS', 1, 11, '2019-08-16 16:36:16', NULL),
	(48, 'Herfiana', '067337', '', 'b32c3ea483b375b79e01ffc404316070', 2, 'Sharia Head', 1, 11, '2019-08-16 16:36:16', NULL),
	(49, 'Jajang Jamaludin', '012993', 'jajang.jamaludin@bfi.co.id', '550fd836a872e632a3847728e138606e', 3, 'Sharia Manager', 1, 42, '2019-08-16 16:36:16', 'foto.jpg'),
	(50, 'Arif Fadilah', '078343', '', 'b32c3ea483b375b79e01ffc404316070', 2, 'Sharia Head', 1, 6, '2019-08-16 16:36:16', NULL),
	(51, 'Nurfadli', '081743', '', 'b32c3ea483b375b79e01ffc404316070', 1, 'CMS', 1, 42, '2019-08-16 16:36:16', NULL),
	(52, 'Budi Iswanto', '9016990', '', 'b32c3ea483b375b79e01ffc404316070', 1, 'CMS', 0, 42, '2019-08-16 16:36:16', NULL),
	(53, 'M Aditya Darmawan', '9015113', '', 'b32c3ea483b375b79e01ffc404316070', 1, 'CMS', 1, 6, '2019-08-16 16:38:14', NULL),
	(54, 'Ali Takim Siregar', '9017208', '', 'b32c3ea483b375b79e01ffc404316070', 1, 'CMS', 1, 9, '2019-08-16 17:22:33', NULL),
	(55, 'Agung Sukma Pratama', '9017203', '', 'b32c3ea483b375b79e01ffc404316070', 1, 'CMS', 1, 9, '2019-08-16 17:43:16', NULL),
	(56, 'Dede rizky wahyudi', '9016875', '', 'b32c3ea483b375b79e01ffc404316070', 1, 'CMS', 1, 42, '2019-08-18 14:50:06', NULL),
	(58, 'Aprila sukoco', '080981', '', 'b32c3ea483b375b79e01ffc404316070', 1, 'CMS', 1, 40, '2019-08-19 08:43:33', NULL),
	(59, 'DONY PRIADHI', '075573', '', 'b32c3ea483b375b79e01ffc404316070', 1, 'CMS', 0, 17, '2019-08-19 10:52:11', NULL),
	(60, 'Misbach Ahmad Bachruddin', '081872', '', 'b32c3ea483b375b79e01ffc404316070', 1, 'CMS', 1, 7, '2019-08-19 11:29:10', NULL),
	(61, 'Muhamad Yaman Huri', '081954', '', 'b32c3ea483b375b79e01ffc404316070', 1, 'CMS', 1, 7, '2019-08-19 11:30:06', NULL),
	(62, 'Rizki Imanullah', '079816', '', 'b32c3ea483b375b79e01ffc404316070', 2, 'Sharia Head', 1, 7, '2019-08-19 11:31:04', NULL),
	(63, 'Rifqi Fitriyanto', '9019882', 'riqi.fitriyanto@gmail.com', 'b32c3ea483b375b79e01ffc404316070', 1, 'CMS', 1, 26, '2019-08-19 12:00:56', 'foto_full_body.jpg'),
	(64, 'Daman Huri', '9015120', '', 'b32c3ea483b375b79e01ffc404316070', 1, 'CMS', 1, 6, '2019-08-19 12:08:54', NULL),
	(65, 'Fadhil Alwan Dharma Adji', '9016391', '', 'b32c3ea483b375b79e01ffc404316070', 1, 'CMS', 1, 11, '2019-08-19 14:21:40', NULL),
	(66, 'Yudhi Ari Setyawan', '006945', 'yudhi.ari@bfi.co.id', 'b32c3ea483b375b79e01ffc404316070', 2, 'Sharia Head', 1, 20, '2019-08-19 17:14:53', 'WhatsApp_Image_2019-08-12_at_10.16.41.jpeg'),
	(67, 'Djarot Dwi Seto Afrianto', '9019386', '', 'b32c3ea483b375b79e01ffc404316070', 1, 'CMS', 1, 20, '2019-08-19 17:17:52', NULL),
	(68, 'Rendy Soenarya', '9015716', '', 'b32c3ea483b375b79e01ffc404316070', 1, 'CMS', 1, 43, '2019-08-19 17:27:42', NULL),
	(70, 'Dewi Ayu Mustika', '077238', 'dewi.mustika@bfi.co.id', 'b32c3ea483b375b79e01ffc404316070', 2, 'Sharia Head', 1, 24, '2019-08-19 17:39:10', 'Screenshot_20200128-120005.png'),
	(71, 'Mohamad Ali Fikri', '9017325', '', 'b32c3ea483b375b79e01ffc404316070', 1, 'CMS', 1, 27, '2019-08-19 17:43:20', NULL),
	(72, 'Haryo Seno', '079777', '', 'b32c3ea483b375b79e01ffc404316070', 2, 'Sharia Head', 1, 27, '2019-08-19 17:43:29', NULL),
	(73, 'Khusnul khotimah', '9014955', '', 'b32c3ea483b375b79e01ffc404316070', 1, 'CMS', 1, 27, '2019-08-19 17:44:12', NULL),
	(74, 'PANCA INDRYA MUKTI', '082285', '', 'b32c3ea483b375b79e01ffc404316070', 1, 'CMS', 1, 37, '2019-08-19 17:55:26', NULL),
	(75, 'Febriyan Sutrisno', '081427', 'febriyansutrisno66@gmail.com', 'b32c3ea483b375b79e01ffc404316070', 1, 'CMS', 1, 24, '2019-08-19 17:56:50', '15801846560301111991432.jpg'),
	(76, 'CINCA NOUVALITA', '081366', '', 'b32c3ea483b375b79e01ffc404316070', 1, 'CMS', 1, 37, '2019-08-19 17:57:04', NULL),
	(77, 'Chabibul Mifta', '078288', '', 'b32c3ea483b375b79e01ffc404316070', 2, 'Sharia Head', 1, 37, '2019-08-19 17:58:12', NULL),
	(78, 'Tantan Wijaya', '008126', '', 'b32c3ea483b375b79e01ffc404316070', 1, 'CMS', 1, 43, '2019-08-19 18:20:05', NULL),
	(79, 'Lianti Meida', '082088', 'lianti.meida@bfi.co.id', 'b32c3ea483b375b79e01ffc404316070', 2, 'Sharia Head', 1, 14, '2019-08-20 09:42:52', NULL),
	(80, 'RENO AGUNG WIBOWO', '9017457', '', 'b32c3ea483b375b79e01ffc404316070', 1, 'CMS', 1, 14, '2019-08-20 10:09:25', NULL),
	(82, 'Adi Nurohman', '081291', '', 'b32c3ea483b375b79e01ffc404316070', 1, 'CMS', 1, 40, '2019-08-20 10:19:19', NULL),
	(83, 'Dicky Kurniawan', '074675', '', 'b32c3ea483b375b79e01ffc404316070', 2, 'Sharia Head', 1, 29, '2019-08-20 14:30:49', NULL),
	(84, 'Dhany Prakarsa', '018985', '', 'ed91d501e99e320bfc57649e594243b6', 2, 'Sharia Head', 1, 36, '2019-08-20 15:32:08', 'hari_ayah.jpg'),
	(85, 'Asri puspitasari', '082801', '', 'b32c3ea483b375b79e01ffc404316070', 1, 'CMS', 1, 36, '2019-08-20 16:04:35', NULL),
	(86, 'Ariyanto Lapu', '007748', '', 'b32c3ea483b375b79e01ffc404316070', 2, 'Sharia Head', 1, 12, '2019-08-20 16:05:44', NULL),
	(88, 'Agus Supriyanto', '082400', '', 'b32c3ea483b375b79e01ffc404316070', 1, 'CMS', 1, 12, '2019-08-20 16:09:07', NULL),
	(89, 'Achmad Fauzi', '9016727', '', 'b32c3ea483b375b79e01ffc404316070', 1, 'CMS', 1, 34, '2019-08-20 16:21:49', NULL),
	(90, 'Rahmad Ramadhan', '082137', 'rahmad.ramadhan@bfi.co.id', '418d9ade0566952997b3f8c16cb67249', 2, 'Sharia Head', 1, 34, '2019-08-20 16:27:12', 'IMG_20190629_185207_190.jpg'),
	(91, 'Rakhmad Hidayat', '018679', '', 'b32c3ea483b375b79e01ffc404316070', 2, 'Sharia Head', 1, 45, '2019-08-20 17:41:04', NULL),
	(92, 'Armila Ernisa Zulfa', '080229', '', 'b32c3ea483b375b79e01ffc404316070', 1, 'CMS', 1, 18, '2019-08-20 22:20:15', NULL),
	(93, 'Vendra Irawan', '9016188', '', 'b32c3ea483b375b79e01ffc404316070', 1, 'CMS', 1, 45, '2019-08-21 08:31:28', NULL),
	(94, 'Devi Apriyani', '9016613', '', 'b32c3ea483b375b79e01ffc404316070', 1, 'CMS', 1, 45, '2019-08-21 08:36:06', NULL),
	(95, 'Roni Yuliantino', '9016864', '', 'b32c3ea483b375b79e01ffc404316070', 1, 'CMS', 1, 31, '2019-08-21 09:56:35', NULL),
	(96, 'UMAR SALEH DAULAY', '008752', '', 'b32c3ea483b375b79e01ffc404316070', 1, 'CMS', 1, 31, '2019-08-21 10:00:53', NULL),
	(97, 'Rahmat Rio Bahari', '080917', '', 'b32c3ea483b375b79e01ffc404316070', 1, 'CMS', 1, 31, '2019-08-21 10:03:39', NULL),
	(98, 'Andy Putra', '080916', '', 'b32c3ea483b375b79e01ffc404316070', 1, 'CMS', 1, 31, '2019-08-21 10:09:26', NULL),
	(99, 'Faiz Amin Jaya', '080569', '', 'b32c3ea483b375b79e01ffc404316070', 1, 'CMS', 1, 18, '2019-08-21 10:14:16', NULL),
	(100, 'MEIDA RUSIANA TUNJANG', '9016402', '', 'b32c3ea483b375b79e01ffc404316070', 1, 'CMS', 1, 29, '2019-08-21 10:48:06', NULL),
	(101, 'YASINTA FITRIANI', '9017403', '', 'b32c3ea483b375b79e01ffc404316070', 1, 'CMS', 1, 29, '2019-08-21 11:26:49', NULL),
	(102, 'Kemal Yusrin Alturk', '020589', 'kemal.alturk@bfi.co.id', 'b32c3ea483b375b79e01ffc404316070', 2, 'Sharia Head', 1, 43, '2019-08-21 16:48:49', NULL),
	(103, 'Fachreza Dhian Pratama', '071887', 'syariah.kendari@gmail.com', 'b32c3ea483b375b79e01ffc404316070', 2, 'Sharia Head', 1, 19, '2019-08-22 16:54:23', 'jersey_psm.jpg'),
	(104, 'Adi Renaldi', '069606', '', 'b32c3ea483b375b79e01ffc404316070', 2, 'Sharia Head', 1, 39, '2019-08-22 19:00:12', NULL),
	(105, 'Isthafa Harits Utami', '081939', '', 'b32c3ea483b375b79e01ffc404316070', 1, 'CMS', 1, 39, '2019-08-23 05:29:29', NULL),
	(106, 'Moch. Qurthuby', '082292', '', 'b32c3ea483b375b79e01ffc404316070', 1, 'CMS', 1, 39, '2019-08-23 08:43:19', NULL),
	(107, 'Dingga Diramaesha', '016721', 'dingga.diramaesha@bfi.co.id', 'b32c3ea483b375b79e01ffc404316070', 2, 'Sharia Head', 1, 8, '2019-08-23 09:30:57', 'IMG-20180521-WA0007.jpeg'),
	(108, 'Mona Agista', '004913', '', 'b32c3ea483b375b79e01ffc404316070', 2, 'Sharia Head', 1, 28, '2019-08-23 09:31:40', NULL),
	(109, 'ARIS FAHRIANTO', '079707', 'arisfahrianto@gmail.com', 'b32c3ea483b375b79e01ffc404316070', 2, 'Sharia Head', 1, 33, '2019-08-23 14:34:26', 'Picture_Purwokerto.jpg'),
	(110, 'SITI BAROKAH', '9015287', '', 'b32c3ea483b375b79e01ffc404316070', 1, 'CMS', 1, 33, '2019-08-23 14:36:26', NULL),
	(111, 'EGI DELLIANA', '9015270', '', 'b32c3ea483b375b79e01ffc404316070', 1, 'CMS', 1, 33, '2019-08-23 14:37:54', NULL),
	(112, 'Dwi Nurcahyanti', '082007', '', 'b32c3ea483b375b79e01ffc404316070', 1, 'CMS', 1, 35, '2019-08-23 14:41:29', NULL),
	(113, 'Afriyana nurman satria', '020615', '', 'b32c3ea483b375b79e01ffc404316070', 2, 'Sharia Head', 1, 10, '2019-08-23 15:39:43', NULL),
	(114, 'Hesky hermoyo', '081753', '', 'b32c3ea483b375b79e01ffc404316070', 1, 'CMS', 1, 10, '2019-08-23 16:04:54', NULL),
	(115, 'Agung Satrio Elhamidy', '082085', 'agung.elhamidy@bfi.co.id', 'b32c3ea483b375b79e01ffc404316070', 2, 'Sharia Head', 1, 35, '2019-08-24 08:21:43', NULL),
	(116, 'Iswan', '9019562', 'iswand.collections@gmail.com', 'b32c3ea483b375b79e01ffc404316070', 1, 'CMS', 1, 19, '2019-08-24 09:33:53', 'foto_profil.jpg'),
	(117, 'Hermawan Dwi putra', '015254', '', 'b32c3ea483b375b79e01ffc404316070', 2, 'Sharia Head', 1, 32, '2019-08-24 10:55:44', NULL),
	(118, 'Ari Iswanto', '9015730', '', 'b32c3ea483b375b79e01ffc404316070', 1, 'CMS', 1, 4, '2019-08-26 10:17:05', NULL),
	(119, 'Siti Nurwulan', '041539', '', 'b32c3ea483b375b79e01ffc404316070', 2, 'Sharia Head', 1, 13, '2019-08-26 11:20:38', NULL),
	(120, 'Lolita Media Sari', '007426', 'lolitamediasari@gmail.com', 'b32c3ea483b375b79e01ffc404316070', 3, 'Sharia Manager', 1, 41, '2019-08-26 11:22:09', NULL),
	(121, 'Teddy Mathado', '007884', '', 'b32c3ea483b375b79e01ffc404316070', 3, 'Sharia Manager', 1, 17, '2019-08-26 11:24:10', NULL),
	(122, 'Muhammad Hilal', '005622', '', 'b32c3ea483b375b79e01ffc404316070', 3, 'Sharia Manager', 1, 30, '2019-08-26 11:27:02', NULL),
	(123, 'Mira Anggraeni', '006075', '', 'b32c3ea483b375b79e01ffc404316070', 3, 'Sharia Manager', 0, 5, '2019-08-26 11:31:36', NULL),
	(124, 'Dedy Armana Putra', '077214', '', 'b32c3ea483b375b79e01ffc404316070', 2, 'Sharia Head', 1, 1, '2019-08-26 11:31:50', NULL),
	(125, 'Nisa Nurathiqoh', '9015248', 'nisaqoh23@gmail.com', 'b32c3ea483b375b79e01ffc404316070', 1, 'CMS', 1, 17, '2019-08-26 11:37:03', 'PicsArt_01-22-10.16.11.jpg'),
	(126, 'Merryana Ayu Wardhany', '080204', '', 'b32c3ea483b375b79e01ffc404316070', 1, 'CMS', 0, 17, '2019-08-26 11:38:34', NULL),
	(127, 'Dewi Rahayu Puspitasari', '081065', '', 'b32c3ea483b375b79e01ffc404316070', 1, 'CMS', 1, 13, '2019-08-26 11:50:08', NULL),
	(128, 'Amri Amin', '9019806', '', 'b32c3ea483b375b79e01ffc404316070', 1, 'CMS', 1, 22, '2019-08-26 11:57:20', NULL),
	(129, 'Bagus Dwi Setyanto', '9017492', '', 'b32c3ea483b375b79e01ffc404316070', 1, 'CMS', 1, 41, '2019-08-26 11:57:48', NULL),
	(130, 'Idfan Reyzal Hamalgani', '9017490', 'idfanreyzal@yahoo.com', 'ed91d501e99e320bfc57649e594243b6', 1, 'CMS', 1, 41, '2019-08-26 11:58:02', 'IMG-20190120-WA0021.jpg'),
	(131, 'Dimas Haryan', '9016971', '', 'b32c3ea483b375b79e01ffc404316070', 1, 'CMS', 1, 4, '2019-08-26 12:05:30', NULL),
	(132, 'M. WEIMPY FAHMI', '015638', '', '2616c763893e5d2618389f8c98d8bf25', 2, 'Sharia Head', 1, 23, '2019-08-26 12:13:01', 'Screenshot_20190126-211248_1.jpg'),
	(133, 'Hasyirul umam', '9017287', '', 'b32c3ea483b375b79e01ffc404316070', 1, 'CMS', 1, 32, '2019-08-26 12:13:37', NULL),
	(134, 'MOCH SALAFUDIN', '081066', '', 'b32c3ea483b375b79e01ffc404316070', 1, 'CMS', 1, 13, '2019-08-26 12:16:18', NULL),
	(135, 'M. Sahirsyah', '081195', '', 'b32c3ea483b375b79e01ffc404316070', 1, 'CMS', 1, 30, '2019-08-26 13:03:41', NULL),
	(136, 'Barli Adwensyah', '076859', '', 'b32c3ea483b375b79e01ffc404316070', 1, 'CMS', 1, 30, '2019-08-26 13:05:07', NULL),
	(137, 'Wijaya Lefi yandie', '081199', 'wijaya.lefiyandie@yahoo.com', 'b32c3ea483b375b79e01ffc404316070', 1, 'CMS', 1, 30, '2019-08-26 13:07:04', NULL),
	(138, 'Dina Cassa Maharani', '081357', '', 'b32c3ea483b375b79e01ffc404316070', 1, 'CMS', 1, 41, '2019-08-26 13:45:50', NULL),
	(139, 'Ana Zuliatin Nadhiroh', '081355', 'ananadhiroh23@gmail.com', 'b32c3ea483b375b79e01ffc404316070', 1, 'CMS', 1, 41, '2019-08-26 13:47:53', 'IMG_20180530_172250_480.jpg'),
	(140, 'M Fathirul Abrar', '011454', '', 'b32c3ea483b375b79e01ffc404316070', 2, 'Sharia Head', 1, 25, '2019-08-26 13:52:09', NULL),
	(141, 'Muhammad Irsal', '079925', '', 'b32c3ea483b375b79e01ffc404316070', 1, 'CMS', 1, 25, '2019-08-26 13:57:14', NULL),
	(142, 'Nurhasanah Ginting', '9015107', '', 'b32c3ea483b375b79e01ffc404316070', 1, 'CMS', 1, 25, '2019-08-26 13:58:21', NULL),
	(143, 'Rahmat Irfan', '9016432', '', 'b32c3ea483b375b79e01ffc404316070', 1, 'CMS', 1, 25, '2019-08-26 14:01:47', NULL),
	(144, 'Mei Wulan Janati', '9017217', '', 'b32c3ea483b375b79e01ffc404316070', 1, 'CMS', 1, 30, '2019-08-26 15:01:47', NULL),
	(145, 'Rio Pramana', '025396', '', 'b32c3ea483b375b79e01ffc404316070', 3, 'Sharia Manager', 1, 22, '2019-08-26 15:20:49', NULL),
	(146, 'RIYAN MARDIYANTO', '9014985', '', 'b32c3ea483b375b79e01ffc404316070', 1, 'CMS', 1, 23, '2019-08-26 16:05:14', NULL),
	(147, 'Fariz Pramana Yudha', '080956', '', 'b32c3ea483b375b79e01ffc404316070', 1, 'CMS', 1, 17, '2019-08-26 16:06:41', NULL),
	(148, 'Syafrio Andestha', '076072', '', 'b32c3ea483b375b79e01ffc404316070', 1, 'CMS', 1, 28, '2019-08-26 16:18:29', NULL),
	(149, 'Bima Saputra', '9015412', '', 'b32c3ea483b375b79e01ffc404316070', 1, 'CMS', 1, 28, '2019-08-26 16:20:41', NULL),
	(150, 'Ayu riza santi', '9015381', 'ayurizasanti6@gmail.com', '9ea5c2bc94655b897a16ba6747c052ac', 1, 'CMS', 1, 23, '2019-08-26 16:29:51', 'BeautyPlus_20200203095421613_save.jpg'),
	(151, 'Ratih Mutia', '9014863', '', 'b32c3ea483b375b79e01ffc404316070', 1, 'CMS', 1, 32, '2019-08-26 16:52:06', NULL),
	(152, 'Kiki fatmawati', '9014512', '', 'b32c3ea483b375b79e01ffc404316070', 1, 'CMS', 1, 10, '2019-08-27 08:30:00', NULL),
	(153, 'franky santana', '022127', '', 'b32c3ea483b375b79e01ffc404316070', 2, 'Sharia Head', 0, 4, '2019-08-27 13:35:50', NULL),
	(154, 'Tatang Sodar', '002065', '', 'b32c3ea483b375b79e01ffc404316070', 3, 'Sharia Manager', 1, 2, '2019-08-27 17:35:40', NULL),
	(155, 'Hari Mulyono', '078960', '', 'b32c3ea483b375b79e01ffc404316070', 1, 'CMS', 1, 2, '2019-08-27 17:38:06', NULL),
	(156, 'Dicky Mulia Derma Prawira', '9016799', '', 'b32c3ea483b375b79e01ffc404316070', 1, 'CMS', 1, 2, '2019-08-27 17:39:54', NULL),
	(157, 'Muhammad Afif Rifna', '082086', '', 'b32c3ea483b375b79e01ffc404316070', 2, 'Sharia Head', 1, 2, '2019-08-28 09:23:18', 'windowslight.jpg'),
	(158, 'Firhand Ti Zaid Alfi', '080015', '', 'b32c3ea483b375b79e01ffc404316070', 1, 'CMS', 1, 5, '2019-08-28 10:52:30', NULL),
	(159, 'Muhamad Reza', '079566', '', 'b32c3ea483b375b79e01ffc404316070', 1, 'CMS', 1, 2, '2019-08-28 11:35:48', NULL),
	(160, 'Ervina Eka Febriamy', '9015313', '', 'b32c3ea483b375b79e01ffc404316070', 2, 'Sharia Head', 1, 5, '2019-08-28 16:07:57', NULL),
	(161, 'Abdul Kaisy Biad', '9017494', 'kaisybiad29@gmail.com', 'b32c3ea483b375b79e01ffc404316070', 1, 'CMS', 1, 26, '2019-08-30 09:05:02', '20190704_010808.jpg'),
	(162, 'YUSDIANTO ABDUL', '9017523', '', 'b32c3ea483b375b79e01ffc404316070', 1, 'CMS', 1, 12, '2019-08-30 14:46:20', NULL),
	(163, 'Mitha Andriani', '9015777', '', 'b32c3ea483b375b79e01ffc404316070', 1, 'CMS', 1, 5, '2019-08-30 17:00:36', NULL),
	(164, 'Irsyad Damlis', '012498', '', 'b32c3ea483b375b79e01ffc404316070', 3, 'Sharia Manager', 1, 46, '2019-08-30 21:54:55', '7_September_2.png'),
	(165, 'Rahmat hidayat', '9017146', 'rahmat.140688@gmail.com', 'b32c3ea483b375b79e01ffc404316070', 1, 'CMS', 1, 22, '2019-09-02 10:13:58', 'LPPU9669.JPG'),
	(167, 'Siono', '9020068', '', 'b32c3ea483b375b79e01ffc404316070', 1, 'CMS', 1, 22, '2019-09-03 07:59:02', NULL),
	(168, 'Azan Syahida', '020251', '', 'b32c3ea483b375b79e01ffc404316070', 4, 'Admin HO', 1, 46, '2019-09-03 08:25:44', NULL),
	(169, 'Oky Noviyaldi', '073255', '', 'b32c3ea483b375b79e01ffc404316070', 1, 'CMS', 1, 8, '2019-09-03 08:58:20', NULL),
	(170, 'Noval Kurnia', '9020022', 'novalkurnia323@gmail.com', 'b32c3ea483b375b79e01ffc404316070', 1, 'CMS', 1, 8, '2019-09-03 08:59:18', 'editPhoto_20191109_225059.jpg'),
	(171, 'Rama andika', '005418', '', 'b32c3ea483b375b79e01ffc404316070', 3, 'Sharia Manager', 1, 39, '2019-09-03 10:37:14', NULL),
	(172, 'Pevi Defitri', '004299', '', 'b32c3ea483b375b79e01ffc404316070', 4, 'Admin HO', 1, 46, '2019-09-03 14:38:32', NULL),
	(173, 'Rini Nurhayati', '006145', '', 'b32c3ea483b375b79e01ffc404316070', 3, 'Sharia Manager', 1, 5, '2019-09-03 16:11:19', NULL),
	(174, 'Nisa Maharani', '9017834', '', 'b32c3ea483b375b79e01ffc404316070', 1, 'CMS', 1, 1, '2019-09-05 14:13:58', NULL),
	(176, 'Rudy Prastiyo', '081722', '', 'b32c3ea483b375b79e01ffc404316070', 1, 'CMS', 1, 16, '2019-09-06 14:55:57', NULL),
	(177, 'RD Kurniawan', '9017236', '', 'b32c3ea483b375b79e01ffc404316070', 1, 'CMS', 1, 16, '2019-09-06 17:49:25', NULL),
	(178, 'EVA MARIANA', '004689', '', 'b32c3ea483b375b79e01ffc404316070', 1, 'CMS', 1, 16, '2019-09-09 18:17:36', NULL),
	(179, 'kiki fatmawati', '081751', '', 'b32c3ea483b375b79e01ffc404316070', 1, 'CMS', 1, 10, '2019-09-10 08:12:28', NULL),
	(180, 'Syaiin Erdiyanto', '012973', '', 'b32c3ea483b375b79e01ffc404316070', 2, 'Sharia Head', 1, 21, '2019-09-10 08:35:15', 'rumah.jpg'),
	(181, 'Teri Angraeni', '073187', '', 'b32c3ea483b375b79e01ffc404316070', 5, 'Head HO', 1, 46, '2019-09-12 08:35:32', 'WIN_20200129_11_12_02_Pro.jpg'),
	(182, 'Fitria ningsih', '008342', '', 'b32c3ea483b375b79e01ffc404316070', 1, 'CMS', 1, 24, '2019-09-18 10:18:21', NULL),
	(183, 'azwida faqih', '9017967', '', 'b32c3ea483b375b79e01ffc404316070', 1, 'CMS', 1, 14, '2019-09-25 09:39:06', NULL),
	(184, 'Eko Supriatman', '073106', '', 'b32c3ea483b375b79e01ffc404316070', 5, 'Head HO', 1, 46, '2019-09-25 14:03:40', NULL),
	(185, 'Raraisa', '073158', '', 'b32c3ea483b375b79e01ffc404316070', 3, 'Sharia Manager', 1, 46, '2019-09-26 10:14:37', NULL),
	(186, 'Dendy Suftiyan Darma', '9020032', '', 'b32c3ea483b375b79e01ffc404316070', 1, 'CMS', 1, 3, '2019-09-27 14:02:33', NULL),
	(187, 'Bima Anzalta', '9018205', '', 'b32c3ea483b375b79e01ffc404316070', 1, 'CMS', 1, 28, '2019-10-01 14:04:11', NULL),
	(188, 'Ahmad Baihaqi Albanna', '9018213', '', 'b32c3ea483b375b79e01ffc404316070', 1, 'CMS', 1, 5, '2019-10-01 15:57:18', NULL),
	(189, 'panji darmawan manurung', '9018052', '', 'b32c3ea483b375b79e01ffc404316070', 1, 'CMS', 1, 25, '2019-10-03 08:53:49', NULL),
	(190, 'NURUL KHASANAH', '9018336', '', 'b32c3ea483b375b79e01ffc404316070', 1, 'CMS', 1, 40, '2019-10-03 09:08:30', NULL),
	(191, 'Eko yuli suprianto', '0016923', '', 'b32c3ea483b375b79e01ffc404316070', 1, 'CMS', 1, 15, '2019-10-03 10:02:56', NULL),
	(192, 'Ahmad Hanan Patra', '9018365', '', 'b32c3ea483b375b79e01ffc404316070', 1, 'CMS', 1, 1, '2019-10-04 09:08:01', NULL),
	(193, 'zulkarnain malawat', '9018539', '', 'b32c3ea483b375b79e01ffc404316070', 1, 'CMS', 1, 38, '2019-10-11 07:25:10', NULL),
	(194, 'FAISAL', '9018517', '', 'b32c3ea483b375b79e01ffc404316070', 1, 'CMS', 1, 26, '2019-10-11 08:13:18', NULL),
	(195, 'MARYANI', '9018405', '', 'b32c3ea483b375b79e01ffc404316070', 1, 'CMS', 1, 32, '2019-10-11 08:55:30', NULL),
	(196, 'Muhammad Firdaus', '9016123', '', 'b32c3ea483b375b79e01ffc404316070', 1, 'CMS', 1, 21, '2019-10-12 09:21:43', NULL),
	(197, 'Alan Adriansyah', '9017238', '', 'b32c3ea483b375b79e01ffc404316070', 1, 'CMS', 1, 21, '2019-10-12 09:23:56', NULL),
	(198, 'ELSA DWI JAYANTI PURWONO', '9018590', 'elsadjp@gmail.com', 'b32c3ea483b375b79e01ffc404316070', 1, 'CMS', 1, 33, '2019-10-14 09:22:23', 'logo-bfi-syariah.png'),
	(199, 'Dhea Alfrinda Putri', '9018592', '', 'b32c3ea483b375b79e01ffc404316070', 1, 'CMS', 1, 11, '2019-10-18 16:15:52', NULL),
	(200, 'muhammad andi falakhudin', '9018742', '', 'b32c3ea483b375b79e01ffc404316070', 1, 'CMS', 1, 10, '2019-10-28 08:41:43', NULL),
	(201, 'Nurfadhillah', '9018486', 'nurfadhihasrul@gmail.com', 'b32c3ea483b375b79e01ffc404316070', 1, 'CMS', 1, 22, '2019-10-28 15:17:38', 'IMG20200117160353.jpg'),
	(202, 'Trisdiyowan Ahmad', '9018659', '', 'b32c3ea483b375b79e01ffc404316070', 1, 'CMS', 1, 12, '2019-11-04 16:05:42', NULL),
	(203, 'Moch. taufik aziz', '9018557', 'taufikaziz77@gmail.com', 'b32c3ea483b375b79e01ffc404316070', 1, 'CMS', 1, 17, '2019-11-05 17:05:18', 'IMG_20180701_1937581.jpg'),
	(204, 'Rudiyono', '9018958', '', 'b32c3ea483b375b79e01ffc404316070', 1, 'CMS', 1, 17, '2019-11-05 17:07:31', NULL),
	(205, 'Jur Fikram Abbas', '9018735', '', 'b32c3ea483b375b79e01ffc404316070', 1, 'CMS', 1, 44, '2019-11-07 08:52:41', NULL),
	(206, 'Supardi Hi Ali', '073871', '', 'b32c3ea483b375b79e01ffc404316070', 2, 'Sharia Head', 1, 44, '2019-11-07 09:10:45', 'photo_2019-11-11_13-13-09.jpg'),
	(207, 'DIANSAH', '082376', 'Diansah1105@gmail.com', 'b32c3ea483b375b79e01ffc404316070', 1, 'CMS', 1, 40, '2019-11-11 08:46:28', '20663612_1783115311716118_7695621949797878825_n.jpg'),
	(208, 'Akhmad Jaki', '9018964', '', 'b32c3ea483b375b79e01ffc404316070', 1, 'CMS', 1, 29, '2019-11-11 10:06:57', NULL),
	(209, 'Luthfi Hafizh Farziansyah', '9019081', '', 'b32c3ea483b375b79e01ffc404316070', 1, 'CMS', 1, 5, '2019-11-13 12:37:05', NULL),
	(210, 'Eko Dwi Prasetyo', '9020217', '', 'b32c3ea483b375b79e01ffc404316070', 1, 'CMS', 1, 36, '2019-11-13 13:32:38', NULL),
	(211, 'PUTRI ADELINA', '9019026', '', 'b32c3ea483b375b79e01ffc404316070', 1, 'CMS', 1, 25, '2019-11-19 16:54:43', NULL),
	(212, 'Muh Nur Yayat Pagala', '9019270', 'nuryayatpagalas.ak@gmail.com', 'b32c3ea483b375b79e01ffc404316070', 1, 'CMS', 1, 19, '2019-11-22 12:29:38', '4X6.jpg'),
	(219, 'Andrisa Santoso', '079382', '', 'b32c3ea483b375b79e01ffc404316070', 1, 'CMS', 1, 46, '2020-01-09 08:38:33', NULL),
	(220, 'Moch Ilham Fathul Umam', '9020349', '', 'a611f0778ead16af247b74014a46a378', 1, 'CMS', 1, 2, '2020-01-22 17:11:29', NULL),
	(227, 'Deshinta Putri', '079429', '', 'b32c3ea483b375b79e01ffc404316070', 5, 'Head HO', 1, 46, '2020-01-27 10:00:00', 'MyIhram.png'),
	(230, 'Asrul Wahyudi', '9019654', '', 'b32c3ea483b375b79e01ffc404316070', 1, 'CMS', 1, 22, '2020-01-28 10:26:51', NULL),
	(231, 'Reni Sartika Dewi', '072747', '', 'b32c3ea483b375b79e01ffc404316070', 5, 'Head HO', 1, 46, '2020-01-28 10:49:12', NULL),
	(232, 'Muhamad Adam Jodi', '9020229', '', 'b32c3ea483b375b79e01ffc404316070', 1, 'CMS', 1, 42, '2020-01-28 11:20:10', NULL),
	(233, 'Rian hardiansyah', '082087', '', 'b32c3ea483b375b79e01ffc404316070', 2, 'Sharia Head', 1, 18, '2020-02-03 16:23:06', NULL),
	(234, 'Rafi Irawan', '028716', '', 'b32c3ea483b375b79e01ffc404316070', 5, 'Head HO', 1, 46, '2020-02-03 17:59:12', NULL),
	(235, 'Hasan Albaqir Harahap', '082089', 'hasan.harahap@bfi.co.id', 'b32c3ea483b375b79e01ffc404316070', 2, 'Sharia Head', 1, 21, '2020-02-04 09:43:03', NULL),
	(236, 'Rizky Maulana Ittishal', '9020263', '', 'b32c3ea483b375b79e01ffc404316070', 1, 'CMS', 1, 25, '2020-02-04 09:44:30', NULL),
	(237, 'Hoiriya', '9020139', 'hoiriya.sby@gmail.com', 'b32c3ea483b375b79e01ffc404316070', 1, 'CMS', 1, 41, '2020-02-04 13:54:45', 'Screenshot_2020-01-31-15-12-00-065_lockscreen.png'),
	(238, 'Yudi Hermawan', '9020138', '', 'b32c3ea483b375b79e01ffc404316070', 1, 'CMS', 1, 41, '2020-02-04 13:55:14', 'IMG-20170227-WA0014.jpg'),
	(239, 'Devi Apriyani', '083190', '', 'b32c3ea483b375b79e01ffc404316070', 1, 'CMS', 1, 45, '2020-02-04 14:19:02', NULL),
	(240, 'Rendy Soenarya', '082600', '', 'b32c3ea483b375b79e01ffc404316070', 1, 'CMS', 1, 43, '2020-02-05 09:54:31', NULL),
	(241, 'Muhammad Taufik Batubara', '008772', '', 'b32c3ea483b375b79e01ffc404316070', 3, 'Sharia Manager', 1, 25, '2020-02-05 10:22:06', NULL),
	(242, 'Topik Muchtarom', '008504', '', 'b32c3ea483b375b79e01ffc404316070', 3, 'Sharia Manager', 1, 31, '2020-02-05 10:56:13', NULL),
	(243, 'Permadi Sonjaya', '9020352', '', 'b32c3ea483b375b79e01ffc404316070', 1, 'CMS', 1, 2, '2020-02-05 16:27:05', NULL),
	(244, 'Gede Laroiba', '079551', '', 'b32c3ea483b375b79e01ffc404316070', 4, 'Admin Tele', 1, 46, '2020-02-05 16:50:18', NULL),
	(245, 'Ardian P Dirgantara', '9020396', '', 'b32c3ea483b375b79e01ffc404316070', 1, 'CMS', 1, 38, '2020-02-07 10:25:17', NULL);
/*!40000 ALTER TABLE `users` ENABLE KEYS */;

-- Dumping structure for table u5487321_partner.userss
CREATE TABLE IF NOT EXISTS `userss` (
  `id_user` int(11) NOT NULL AUTO_INCREMENT,
  `name` varchar(40) NOT NULL DEFAULT '',
  `nik` varchar(255) NOT NULL DEFAULT '',
  `email` varchar(50) NOT NULL DEFAULT '',
  `password` varchar(40) NOT NULL DEFAULT '',
  `level` int(2) NOT NULL DEFAULT 0 COMMENT '1 = cabang user, 2 = admin 1, 3 = admin 2, 4 = admin nst ijarah (arif), 5 = super user (atasan), 6 = cabang head/manager, 7= admin nst murabahah',
  `jabatan` varchar(255) DEFAULT NULL,
  `is_active` int(2) NOT NULL DEFAULT 0,
  `id_branch` int(3) NOT NULL DEFAULT 0,
  `tanggal_daftar` timestamp NULL DEFAULT current_timestamp(),
  `foto` varchar(255) DEFAULT NULL,
  PRIMARY KEY (`id_user`),
  UNIQUE KEY `email` (`email`),
  UNIQUE KEY `nik` (`nik`),
  KEY `id_branch` (`id_branch`)
) ENGINE=InnoDB AUTO_INCREMENT=188 DEFAULT CHARSET=latin1 ROW_FORMAT=DYNAMIC;

-- Dumping data for table u5487321_partner.userss: ~0 rows (approximately)
/*!40000 ALTER TABLE `userss` DISABLE KEYS */;
/*!40000 ALTER TABLE `userss` ENABLE KEYS */;

/*!40101 SET SQL_MODE=IFNULL(@OLD_SQL_MODE, '') */;
/*!40014 SET FOREIGN_KEY_CHECKS=IF(@OLD_FOREIGN_KEY_CHECKS IS NULL, 1, @OLD_FOREIGN_KEY_CHECKS) */;
/*!40101 SET CHARACTER_SET_CLIENT=@OLD_CHARACTER_SET_CLIENT */;
